TARA_PON_MAG_00061,226,Bacteria;Proteobacteria;Gammaproteobacteria;Alteromonadales;Alteromonadaceae;Alteromonas
TARA_PSW_MAG_00136,70447,Eukaryota;Chlorophyta;Mamiellophyceae;Mamiellales;Bathycoccaceae;Ostreococcus
TARA_ION_MAG_00072,41874,Eukaryota;Chlorophyta;Mamiellophyceae;Mamiellales;Bathycoccaceae;Bathycoccus
TARA_MED_MAG_00110,1236,Bacteria;Proteobacteria;Gammaproteobacteria
TARA_RED_MAG_00119,38832,Eukaryota;Chlorophyta;Mamiellophyceae;Mamiellales;Mamiellaceae;Micromonas
TARA_MED_MAG_00139,53246,Bacteria;Proteobacteria;Gammaproteobacteria;Alteromonadales;Pseudoalteromonadaceae;Pseudoalteromonas
TARA_PSW_MAG_00074,766,Bacteria;Proteobacteria;Alphaproteobacteria;Rickettsiales
TARA_RED_MAG_00106,203557,Bacteria;Verrucomicrobia;Verrucomicrobiae;Verrucomicrobiales;Verrucomicrobiaceae
TARA_MED_MAG_00103,41295,Bacteria;Proteobacteria;Alphaproteobacteria;Rhodospirillales;Rhodospirillaceae
TARA_RED_MAG_00118,70447,Eukaryota;Chlorophyta;Mamiellophyceae;Mamiellales;Bathycoccaceae;Ostreococcus
TARA_PSW_MAG_00129,1,
TARA_MED_MAG_00040,1,
TARA_ASE_MAG_00022,31989,Bacteria;Proteobacteria;Alphaproteobacteria;Rhodobacterales;Rhodobacteraceae
TARA_ANE_MAG_00077,48461,Bacteria;Verrucomicrobia;Verrucomicrobiae;Verrucomicrobiales
TARA_ASW_MAG_00036,2902,Eukaryota;Isochrysidales;Noelaerhabdaceae;Emiliania
TARA_PON_MAG_00074,41874,Eukaryota;Chlorophyta;Mamiellophyceae;Mamiellales;Bathycoccaceae;Bathycoccus
TARA_PSW_MAG_00048,28211,Bacteria;Proteobacteria;Alphaproteobacteria
TARA_SOC_MAG_00002,72275,Bacteria;Proteobacteria;Gammaproteobacteria;Alteromonadales;Alteromonadaceae
TARA_ASE_MAG_00032,38832,Eukaryota;Chlorophyta;Mamiellophyceae;Mamiellales;Mamiellaceae;Micromonas
TARA_PSW_MAG_00131,2759,Eukaryota
TARA_RED_MAG_00114,41874,Eukaryota;Chlorophyta;Mamiellophyceae;Mamiellales;Bathycoccaceae;Bathycoccus
TARA_PSE_MAG_00140,41874,Eukaryota;Chlorophyta;Mamiellophyceae;Mamiellales;Bathycoccaceae;Bathycoccus
TARA_ASE_MAG_00036,70447,Eukaryota;Chlorophyta;Mamiellophyceae;Mamiellales;Bathycoccaceae;Ostreococcus
TARA_MED_MAG_00026,1236,Bacteria;Proteobacteria;Gammaproteobacteria
TARA_PSW_MAG_00081,1,
TARA_ION_MAG_00066,2759,Eukaryota
TARA_ANW_MAG_00073,200644,Bacteria;Bacteroidetes;Flavobacteriia;Flavobacteriales
TARA_ANE_MAG_00088,41874,Eukaryota;Chlorophyta;Mamiellophyceae;Mamiellales;Bathycoccaceae;Bathycoccus
TARA_ANE_MAG_00093,70447,Eukaryota;Chlorophyta;Mamiellophyceae;Mamiellales;Bathycoccaceae;Ostreococcus
TARA_RED_MAG_00062,28890,Archaea;Euryarchaeota
TARA_PSW_MAG_00045,1224,Bacteria;Proteobacteria
TARA_IOS_MAG_00022,28890,Archaea;Euryarchaeota
TARA_PSE_MAG_00001,976,Bacteria;Bacteroidetes
TARA_ANE_MAG_00096,1,
TARA_ANW_MAG_00017,170,Bacteria;Spirochaetes;Spirochaetia;Leptospiraceae
TARA_ANE_MAG_00086,41874,Eukaryota;Chlorophyta;Mamiellophyceae;Mamiellales;Bathycoccaceae;Bathycoccus
TARA_IOS_MAG_00011,1,
TARA_MED_MAG_00142,53246,Bacteria;Proteobacteria;Gammaproteobacteria;Alteromonadales;Pseudoalteromonadaceae;Pseudoalteromonas
TARA_ASE_MAG_00031,1,
TARA_ASW_MAG_00035,41874,Eukaryota;Chlorophyta;Mamiellophyceae;Mamiellales;Bathycoccaceae;Bathycoccus
TARA_ANW_MAG_00074,38832,Eukaryota;Chlorophyta;Mamiellophyceae;Mamiellales;Mamiellaceae;Micromonas
TARA_ANE_MAG_00026,200644,Bacteria;Bacteroidetes;Flavobacteriia;Flavobacteriales
TARA_ANE_MAG_00076,1,
TARA_PSE_MAG_00136,2902,Eukaryota;Isochrysidales;Noelaerhabdaceae;Emiliania
TARA_ANE_MAG_00032,41295,Bacteria;Proteobacteria;Alphaproteobacteria;Rhodospirillales;Rhodospirillaceae
TARA_MED_MAG_00133,203557,Bacteria;Verrucomicrobia;Verrucomicrobiae;Verrucomicrobiales;Verrucomicrobiaceae
TARA_ANW_MAG_00052,1,
TARA_ANW_MAG_00006,72274,Bacteria;Proteobacteria;Gammaproteobacteria;Pseudomonadales
TARA_MED_MAG_00105,1224,Bacteria;Proteobacteria
TARA_MED_MAG_00112,200644,Bacteria;Bacteroidetes;Flavobacteriia;Flavobacteriales
TARA_IOS_MAG_00045,28890,Archaea;Euryarchaeota
TARA_ASW_MAG_00011,28890,Archaea;Euryarchaeota
TARA_ASW_MAG_00032,2902,Eukaryota;Isochrysidales;Noelaerhabdaceae;Emiliania
TARA_ANE_MAG_00035,1655514,Bacteria;Proteobacteria;Alphaproteobacteria;Pelagibacterales;Pelagibacteraceae
TARA_PSW_MAG_00057,28890,Archaea;Euryarchaeota
TARA_MED_MAG_00141,2759,Eukaryota
TARA_ANE_MAG_00101,38832,Eukaryota;Chlorophyta;Mamiellophyceae;Mamiellales;Mamiellaceae;Micromonas
TARA_ION_MAG_00074,766,Bacteria;Proteobacteria;Alphaproteobacteria;Rickettsiales
TARA_ANW_MAG_00033,28890,Archaea;Euryarchaeota
TARA_PSW_MAG_00076,1224,Bacteria;Proteobacteria
TARA_ANW_MAG_00076,200644,Bacteria;Bacteroidetes;Flavobacteriia;Flavobacteriales
TARA_ASW_MAG_00038,2902,Eukaryota;Isochrysidales;Noelaerhabdaceae;Emiliania
TARA_ANE_MAG_00002,28211,Bacteria;Proteobacteria;Alphaproteobacteria
TARA_MED_MAG_00070,1224,Bacteria;Proteobacteria
TARA_PSW_MAG_00004,59753,Bacteria;Proteobacteria;Gammaproteobacteria;Oceanospirillales;Alcanivoracaceae;Alcanivorax
TARA_PON_MAG_00013,28221,Bacteria;Proteobacteria;Deltaproteobacteria
TARA_ION_MAG_00039,200644,Bacteria;Bacteroidetes;Flavobacteriia;Flavobacteriales
TARA_ASE_MAG_00024,41874,Eukaryota;Chlorophyta;Mamiellophyceae;Mamiellales;Bathycoccaceae;Bathycoccus
TARA_PSW_MAG_00075,28890,Archaea;Euryarchaeota
TARA_IOS_MAG_00061,72275,Bacteria;Proteobacteria;Gammaproteobacteria;Alteromonadales;Alteromonadaceae
TARA_PSE_MAG_00007,200644,Bacteria;Bacteroidetes;Flavobacteriia;Flavobacteriales
TARA_ION_MAG_00012,1,
TARA_ANW_MAG_00082,200644,Bacteria;Bacteroidetes;Flavobacteriia;Flavobacteriales
TARA_ASW_MAG_00021,28890,Archaea;Euryarchaeota
TARA_PSE_MAG_00137,2759,Eukaryota
TARA_PSW_MAG_00003,200644,Bacteria;Bacteroidetes;Flavobacteriia;Flavobacteriales
TARA_ION_MAG_00027,1,
TARA_ANE_MAG_00087,72275,Bacteria;Proteobacteria;Gammaproteobacteria;Alteromonadales;Alteromonadaceae
TARA_PSE_MAG_00073,1655514,Bacteria;Proteobacteria;Alphaproteobacteria;Pelagibacterales;Pelagibacteraceae
TARA_PSE_MAG_00005,336276,Bacteria;Bacteroidetes;Flavobacteriia;Flavobacteriales;Flavobacteriaceae;Olleya
TARA_IOS_MAG_00038,28890,Archaea;Euryarchaeota
TARA_ANW_MAG_00088,38832,Eukaryota;Chlorophyta;Mamiellophyceae;Mamiellales;Mamiellaceae;Micromonas
TARA_MED_MAG_00092,1236,Bacteria;Proteobacteria;Gammaproteobacteria
TARA_IOS_MAG_00027,1,
TARA_ANE_MAG_00018,1236,Bacteria;Proteobacteria;Gammaproteobacteria
TARA_ASW_MAG_00042,44055,Eukaryota;Pelagophyceae;Pelagomonadales;Aureococcus
TARA_MED_MAG_00101,200644,Bacteria;Bacteroidetes;Flavobacteriia;Flavobacteriales
TARA_PSW_MAG_00084,41295,Bacteria;Proteobacteria;Alphaproteobacteria;Rhodospirillales;Rhodospirillaceae
TARA_ANE_MAG_00091,2759,Eukaryota
TARA_MED_MAG_00041,203557,Bacteria;Verrucomicrobia;Verrucomicrobiae;Verrucomicrobiales;Verrucomicrobiaceae
TARA_ANW_MAG_00056,415000,Bacteria;Verrucomicrobia;Opitutae;Opitutales
TARA_MED_MAG_00062,200644,Bacteria;Bacteroidetes;Flavobacteriia;Flavobacteriales
TARA_ANW_MAG_00049,1236,Bacteria;Proteobacteria;Gammaproteobacteria
TARA_RED_MAG_00011,48461,Bacteria;Verrucomicrobia;Verrucomicrobiae;Verrucomicrobiales
TARA_PSW_MAG_00066,1,
TARA_PSE_MAG_00026,1236,Bacteria;Proteobacteria;Gammaproteobacteria
TARA_MED_MAG_00051,1236,Bacteria;Proteobacteria;Gammaproteobacteria
TARA_ION_MAG_00035,200644,Bacteria;Bacteroidetes;Flavobacteriia;Flavobacteriales
TARA_ANW_MAG_00080,38832,Eukaryota;Chlorophyta;Mamiellophyceae;Mamiellales;Mamiellaceae;Micromonas
TARA_IOS_MAG_00006,59753,Bacteria;Proteobacteria;Gammaproteobacteria;Oceanospirillales;Alcanivoracaceae;Alcanivorax
TARA_PSW_MAG_00019,1236,Bacteria;Proteobacteria;Gammaproteobacteria
TARA_MED_MAG_00093,200644,Bacteria;Bacteroidetes;Flavobacteriia;Flavobacteriales
TARA_MED_MAG_00096,1236,Bacteria;Proteobacteria;Gammaproteobacteria
TARA_MED_MAG_00024,1,
TARA_RED_MAG_00009,1224,Bacteria;Proteobacteria
TARA_PSW_MAG_00027,126,Bacteria;Planctomycetes;Planctomycetia;Planctomycetales;Planctomycetaceae
TARA_MED_MAG_00023,1,
TARA_ASE_MAG_00026,44055,Eukaryota;Pelagophyceae;Pelagomonadales;Aureococcus
TARA_ASE_MAG_00014,1,
TARA_ION_MAG_00070,72275,Bacteria;Proteobacteria;Gammaproteobacteria;Alteromonadales;Alteromonadaceae
TARA_ANE_MAG_00074,2037,Bacteria;Actinobacteria;Actinobacteria;Actinomycetales
TARA_IOS_MAG_00068,2759,Eukaryota
TARA_PSE_MAG_00014,200667,Bacteria;Bacteroidetes;Cytophagia;Cytophagales;Flammeovirgaceae
TARA_IOS_MAG_00039,28890,Archaea;Euryarchaeota
TARA_ASW_MAG_00029,72274,Bacteria;Proteobacteria;Gammaproteobacteria;Pseudomonadales
TARA_PON_MAG_00082,70447,Eukaryota;Chlorophyta;Mamiellophyceae;Mamiellales;Bathycoccaceae;Ostreococcus
TARA_PSW_MAG_00017,1763,Bacteria;Actinobacteria;Actinobacteria;Corynebacteriales;Mycobacteriaceae;Mycobacterium
TARA_ANE_MAG_00090,38832,Eukaryota;Chlorophyta;Mamiellophyceae;Mamiellales;Mamiellaceae;Micromonas
TARA_ANE_MAG_00004,976,Bacteria;Bacteroidetes
TARA_PSE_MAG_00027,41295,Bacteria;Proteobacteria;Alphaproteobacteria;Rhodospirillales;Rhodospirillaceae
TARA_IOS_MAG_00046,1,
TARA_IOS_MAG_00024,1224,Bacteria;Proteobacteria
TARA_ANW_MAG_00001,356,Bacteria;Proteobacteria;Alphaproteobacteria;Rhizobiales
TARA_MED_MAG_00108,167375,Bacteria;Cyanobacteria;Synechococcales;Synechococcaceae;Cyanobium
TARA_RED_MAG_00116,70447,Eukaryota;Chlorophyta;Mamiellophyceae;Mamiellales;Bathycoccaceae;Ostreococcus
TARA_ION_MAG_00017,1236,Bacteria;Proteobacteria;Gammaproteobacteria
TARA_ASE_MAG_00004,1,
TARA_MED_MAG_00140,2759,Eukaryota
TARA_IOS_MAG_00005,415000,Bacteria;Verrucomicrobia;Opitutae;Opitutales
TARA_PSW_MAG_00041,49546,Bacteria;Bacteroidetes;Flavobacteriia;Flavobacteriales;Flavobacteriaceae
TARA_RED_MAG_00001,72173,Bacteria;Proteobacteria;Alphaproteobacteria;Sphingomonadales;Sphingomonadaceae;Citromicrobium
TARA_IOS_MAG_00067,2742,Bacteria;Proteobacteria;Gammaproteobacteria;Alteromonadales;Alteromonadaceae;Marinobacter
TARA_MED_MAG_00104,1655514,Bacteria;Proteobacteria;Alphaproteobacteria;Pelagibacterales;Pelagibacteraceae
TARA_RED_MAG_00096,415000,Bacteria;Verrucomicrobia;Opitutae;Opitutales
TARA_ION_MAG_00071,2759,Eukaryota
TARA_RED_MAG_00123,2,Bacteria
TARA_MED_MAG_00135,1,
TARA_ASW_MAG_00047,2902,Eukaryota;Isochrysidales;Noelaerhabdaceae;Emiliania
TARA_MED_MAG_00068,1236,Bacteria;Proteobacteria;Gammaproteobacteria
TARA_ANE_MAG_00040,200644,Bacteria;Bacteroidetes;Flavobacteriia;Flavobacteriales
TARA_IOS_MAG_00023,41295,Bacteria;Proteobacteria;Alphaproteobacteria;Rhodospirillales;Rhodospirillaceae
TARA_ANW_MAG_00015,170,Bacteria;Spirochaetes;Spirochaetia;Leptospiraceae
TARA_ANW_MAG_00035,126,Bacteria;Planctomycetes;Planctomycetia;Planctomycetales;Planctomycetaceae
TARA_ANE_MAG_00017,1655514,Bacteria;Proteobacteria;Alphaproteobacteria;Pelagibacterales;Pelagibacteraceae
TARA_PSE_MAG_00129,70447,Eukaryota;Chlorophyta;Mamiellophyceae;Mamiellales;Bathycoccaceae;Ostreococcus
TARA_ANE_MAG_00007,33882,Bacteria;Actinobacteria;Actinobacteria;Micrococcales;Microbacteriaceae;Microbacterium
TARA_SOC_MAG_00010,1236,Bacteria;Proteobacteria;Gammaproteobacteria
TARA_ION_MAG_00005,475794,Bacteria;Proteobacteria;Gammaproteobacteria;Cellvibrionales;Halieaceae;Haliea
TARA_IOS_MAG_00041,203557,Bacteria;Verrucomicrobia;Verrucomicrobiae;Verrucomicrobiales;Verrucomicrobiaceae
TARA_ANE_MAG_00080,72275,Bacteria;Proteobacteria;Gammaproteobacteria;Alteromonadales;Alteromonadaceae
TARA_ASE_MAG_00006,72274,Bacteria;Proteobacteria;Gammaproteobacteria;Pseudomonadales
TARA_PSW_MAG_00086,28890,Archaea;Euryarchaeota
TARA_MED_MAG_00079,28890,Archaea;Euryarchaeota
TARA_PSW_MAG_00007,1236,Bacteria;Proteobacteria;Gammaproteobacteria
TARA_ASW_MAG_00039,38832,Eukaryota;Chlorophyta;Mamiellophyceae;Mamiellales;Mamiellaceae;Micromonas
TARA_PSW_MAG_00056,28890,Archaea;Euryarchaeota
TARA_ANW_MAG_00087,1236,Bacteria;Proteobacteria;Gammaproteobacteria
TARA_ASW_MAG_00031,2742,Bacteria;Proteobacteria;Gammaproteobacteria;Alteromonadales;Alteromonadaceae;Marinobacter
TARA_MED_MAG_00081,1655514,Bacteria;Proteobacteria;Alphaproteobacteria;Pelagibacterales;Pelagibacteraceae
TARA_PSW_MAG_00098,1655514,Bacteria;Proteobacteria;Alphaproteobacteria;Pelagibacterales;Pelagibacteraceae
TARA_RED_MAG_00104,2742,Bacteria;Proteobacteria;Gammaproteobacteria;Alteromonadales;Alteromonadaceae;Marinobacter
TARA_MED_MAG_00137,1,
TARA_IOS_MAG_00008,1,
TARA_MED_MAG_00095,28890,Archaea;Euryarchaeota
TARA_PSW_MAG_00062,72274,Bacteria;Proteobacteria;Gammaproteobacteria;Pseudomonadales
TARA_ANE_MAG_00071,1236,Bacteria;Proteobacteria;Gammaproteobacteria
TARA_PSW_MAG_00115,41295,Bacteria;Proteobacteria;Alphaproteobacteria;Rhodospirillales;Rhodospirillaceae
TARA_PSW_MAG_00049,1,
TARA_PSE_MAG_00035,28256,Bacteria;Proteobacteria;Gammaproteobacteria;Oceanospirillales;Halomonadaceae
TARA_PSE_MAG_00037,2,Bacteria
TARA_ASW_MAG_00015,1,
TARA_ASW_MAG_00034,38832,Eukaryota;Chlorophyta;Mamiellophyceae;Mamiellales;Mamiellaceae;Micromonas
TARA_ASE_MAG_00016,28890,Archaea;Euryarchaeota
TARA_MED_MAG_00078,1,
TARA_ANE_MAG_00070,768503,Bacteria;Bacteroidetes;Cytophagia
TARA_MED_MAG_00048,2037,Bacteria;Actinobacteria;Actinobacteria;Actinomycetales
TARA_IOS_MAG_00026,1236,Bacteria;Proteobacteria;Gammaproteobacteria
TARA_PSW_MAG_00133,2759,Eukaryota
TARA_ASW_MAG_00044,53246,Bacteria;Proteobacteria;Gammaproteobacteria;Alteromonadales;Pseudoalteromonadaceae;Pseudoalteromonas
TARA_ION_MAG_00073,2902,Eukaryota;Isochrysidales;Noelaerhabdaceae;Emiliania
TARA_RED_MAG_00103,335929,Bacteria;Proteobacteria;Alphaproteobacteria;Sphingomonadales;Erythrobacteraceae
TARA_ION_MAG_00056,415000,Bacteria;Verrucomicrobia;Opitutae;Opitutales
TARA_PSW_MAG_00070,203557,Bacteria;Verrucomicrobia;Verrucomicrobiae;Verrucomicrobiales;Verrucomicrobiaceae
TARA_MED_MAG_00032,356,Bacteria;Proteobacteria;Alphaproteobacteria;Rhizobiales
TARA_IOS_MAG_00029,1236,Bacteria;Proteobacteria;Gammaproteobacteria
TARA_PSE_MAG_00150,468,Bacteria;Proteobacteria;Gammaproteobacteria;Pseudomonadales;Moraxellaceae
TARA_ANE_MAG_00051,200644,Bacteria;Bacteroidetes;Flavobacteriia;Flavobacteriales
TARA_MED_MAG_00014,48461,Bacteria;Verrucomicrobia;Verrucomicrobiae;Verrucomicrobiales
TARA_PSW_MAG_00016,1224,Bacteria;Proteobacteria
TARA_MED_MAG_00029,1,
TARA_RED_MAG_00112,2759,Eukaryota
TARA_ANE_MAG_00078,1236,Bacteria;Proteobacteria;Gammaproteobacteria
TARA_ASE_MAG_00010,766,Bacteria;Proteobacteria;Alphaproteobacteria;Rickettsiales
TARA_PSE_MAG_00092,1655514,Bacteria;Proteobacteria;Alphaproteobacteria;Pelagibacterales;Pelagibacteraceae
TARA_MED_MAG_00059,356,Bacteria;Proteobacteria;Alphaproteobacteria;Rhizobiales
TARA_PSE_MAG_00078,49546,Bacteria;Bacteroidetes;Flavobacteriia;Flavobacteriales;Flavobacteriaceae
TARA_ANE_MAG_00038,203557,Bacteria;Verrucomicrobia;Verrucomicrobiae;Verrucomicrobiales;Verrucomicrobiaceae
TARA_MED_MAG_00091,41295,Bacteria;Proteobacteria;Alphaproteobacteria;Rhodospirillales;Rhodospirillaceae
TARA_ANE_MAG_00059,1,
TARA_ANW_MAG_00043,28890,Archaea;Euryarchaeota
TARA_ANE_MAG_00009,82115,Bacteria;Proteobacteria;Alphaproteobacteria;Rhizobiales;Rhizobiaceae
TARA_ASE_MAG_00007,1236,Bacteria;Proteobacteria;Gammaproteobacteria
TARA_ANE_MAG_00042,28890,Archaea;Euryarchaeota
TARA_PSW_MAG_00022,1224,Bacteria;Proteobacteria
TARA_ASE_MAG_00019,1236,Bacteria;Proteobacteria;Gammaproteobacteria
TARA_ION_MAG_00023,135619,Bacteria;Proteobacteria;Gammaproteobacteria;Oceanospirillales
TARA_PSE_MAG_00084,1655514,Bacteria;Proteobacteria;Alphaproteobacteria;Pelagibacterales;Pelagibacteraceae
TARA_PSE_MAG_00116,135620,Bacteria;Proteobacteria;Gammaproteobacteria;Oceanospirillales;Oceanospirillaceae
TARA_IOS_MAG_00033,1,
TARA_ANE_MAG_00069,766,Bacteria;Proteobacteria;Alphaproteobacteria;Rickettsiales
TARA_PSW_MAG_00100,200644,Bacteria;Bacteroidetes;Flavobacteriia;Flavobacteriales
TARA_PSW_MAG_00135,2759,Eukaryota
TARA_PSE_MAG_00002,153232,Bacteria;Proteobacteria;Alphaproteobacteria;Rhodobacterales;Hyphomonadaceae;Oceanicaulis
TARA_RED_MAG_00072,28890,Archaea;Euryarchaeota
TARA_PSE_MAG_00142,72274,Bacteria;Proteobacteria;Gammaproteobacteria;Pseudomonadales
TARA_ANE_MAG_00005,2,Bacteria
TARA_MED_MAG_00124,200644,Bacteria;Bacteroidetes;Flavobacteriia;Flavobacteriales
TARA_ASW_MAG_00014,1236,Bacteria;Proteobacteria;Gammaproteobacteria
TARA_PSW_MAG_00040,41295,Bacteria;Proteobacteria;Alphaproteobacteria;Rhodospirillales;Rhodospirillaceae
TARA_ANE_MAG_00050,356,Bacteria;Proteobacteria;Alphaproteobacteria;Rhizobiales
TARA_PSE_MAG_00132,53246,Bacteria;Proteobacteria;Gammaproteobacteria;Alteromonadales;Pseudoalteromonadaceae;Pseudoalteromonas
TARA_MED_MAG_00053,28890,Archaea;Euryarchaeota
TARA_ANE_MAG_00028,1,
TARA_ASW_MAG_00046,38832,Eukaryota;Chlorophyta;Mamiellophyceae;Mamiellales;Mamiellaceae;Micromonas
TARA_PSW_MAG_00077,41295,Bacteria;Proteobacteria;Alphaproteobacteria;Rhodospirillales;Rhodospirillaceae
TARA_PON_MAG_00087,2,Bacteria
TARA_ASW_MAG_00041,2759,Eukaryota
TARA_IOS_MAG_00076,2759,Eukaryota
TARA_PSW_MAG_00018,126,Bacteria;Planctomycetes;Planctomycetia;Planctomycetales;Planctomycetaceae
TARA_ANE_MAG_00014,1224,Bacteria;Proteobacteria
TARA_IOS_MAG_00049,126,Bacteria;Planctomycetes;Planctomycetia;Planctomycetales;Planctomycetaceae
TARA_ANE_MAG_00025,200644,Bacteria;Bacteroidetes;Flavobacteriia;Flavobacteriales
TARA_PSW_MAG_00043,28890,Archaea;Euryarchaeota
TARA_ANW_MAG_00038,1655514,Bacteria;Proteobacteria;Alphaproteobacteria;Pelagibacterales;Pelagibacteraceae
TARA_MED_MAG_00060,28890,Archaea;Euryarchaeota
TARA_ION_MAG_00043,1,
TARA_ION_MAG_00055,1,
TARA_PSE_MAG_00047,1236,Bacteria;Proteobacteria;Gammaproteobacteria
TARA_ASW_MAG_00002,41295,Bacteria;Proteobacteria;Alphaproteobacteria;Rhodospirillales;Rhodospirillaceae
TARA_PSE_MAG_00048,48461,Bacteria;Verrucomicrobia;Verrucomicrobiae;Verrucomicrobiales
TARA_IOS_MAG_00065,2,Bacteria
TARA_ANW_MAG_00058,48461,Bacteria;Verrucomicrobia;Verrucomicrobiae;Verrucomicrobiales
TARA_ANW_MAG_00012,1,
TARA_IOS_MAG_00060,41295,Bacteria;Proteobacteria;Alphaproteobacteria;Rhodospirillales;Rhodospirillaceae
TARA_RED_MAG_00055,28890,Archaea;Euryarchaeota
TARA_PSE_MAG_00099,203557,Bacteria;Verrucomicrobia;Verrucomicrobiae;Verrucomicrobiales;Verrucomicrobiaceae
TARA_ASW_MAG_00018,246874,Bacteria;Bacteroidetes;Flavobacteriia;Flavobacteriales;Cryomorphaceae
TARA_MED_MAG_00030,1236,Bacteria;Proteobacteria;Gammaproteobacteria
TARA_ASE_MAG_00009,28890,Archaea;Euryarchaeota
TARA_ANW_MAG_00054,1,
TARA_PSE_MAG_00138,72275,Bacteria;Proteobacteria;Gammaproteobacteria;Alteromonadales;Alteromonadaceae
TARA_PSW_MAG_00102,28890,Archaea;Euryarchaeota
TARA_RED_MAG_00040,2,Bacteria
TARA_ANW_MAG_00064,766,Bacteria;Proteobacteria;Alphaproteobacteria;Rickettsiales
TARA_PSE_MAG_00009,200644,Bacteria;Bacteroidetes;Flavobacteriia;Flavobacteriales
TARA_ANW_MAG_00051,1655514,Bacteria;Proteobacteria;Alphaproteobacteria;Pelagibacterales;Pelagibacteraceae
TARA_ANE_MAG_00060,49546,Bacteria;Bacteroidetes;Flavobacteriia;Flavobacteriales;Flavobacteriaceae
TARA_ANE_MAG_00024,28890,Archaea;Euryarchaeota
TARA_ANE_MAG_00039,1,
TARA_ASE_MAG_00017,1117,Bacteria;Cyanobacteria
TARA_PON_MAG_00079,33656,Eukaryota;Phaeocystales;Phaeocystaceae;Phaeocystis
TARA_IOS_MAG_00073,44055,Eukaryota;Pelagophyceae;Pelagomonadales;Aureococcus
TARA_IOS_MAG_00013,1236,Bacteria;Proteobacteria;Gammaproteobacteria
TARA_RED_MAG_00053,1,
TARA_RED_MAG_00087,1236,Bacteria;Proteobacteria;Gammaproteobacteria
TARA_MED_MAG_00128,203557,Bacteria;Verrucomicrobia;Verrucomicrobiae;Verrucomicrobiales;Verrucomicrobiaceae
TARA_ASW_MAG_00025,1,
TARA_IOS_MAG_00047,28890,Archaea;Euryarchaeota
TARA_MED_MAG_00008,1236,Bacteria;Proteobacteria;Gammaproteobacteria
TARA_PSW_MAG_00039,2,Bacteria
TARA_PSE_MAG_00145,49546,Bacteria;Bacteroidetes;Flavobacteriia;Flavobacteriales;Flavobacteriaceae
TARA_ASW_MAG_00037,38832,Eukaryota;Chlorophyta;Mamiellophyceae;Mamiellales;Mamiellaceae;Micromonas
TARA_ANW_MAG_00023,200644,Bacteria;Bacteroidetes;Flavobacteriia;Flavobacteriales
TARA_PSE_MAG_00075,200644,Bacteria;Bacteroidetes;Flavobacteriia;Flavobacteriales
TARA_RED_MAG_00098,415000,Bacteria;Verrucomicrobia;Opitutae;Opitutales
TARA_PON_MAG_00011,203557,Bacteria;Verrucomicrobia;Verrucomicrobiae;Verrucomicrobiales;Verrucomicrobiaceae
TARA_PON_MAG_00051,200644,Bacteria;Bacteroidetes;Flavobacteriia;Flavobacteriales
TARA_PSE_MAG_00016,204441,Bacteria;Proteobacteria;Alphaproteobacteria;Rhodospirillales
TARA_IOS_MAG_00004,41295,Bacteria;Proteobacteria;Alphaproteobacteria;Rhodospirillales;Rhodospirillaceae
TARA_ANE_MAG_00023,49546,Bacteria;Bacteroidetes;Flavobacteriia;Flavobacteriales;Flavobacteriaceae
TARA_PSW_MAG_00083,415000,Bacteria;Verrucomicrobia;Opitutae;Opitutales
TARA_PON_MAG_00046,766,Bacteria;Proteobacteria;Alphaproteobacteria;Rickettsiales
TARA_IOS_MAG_00003,28211,Bacteria;Proteobacteria;Alphaproteobacteria
TARA_RED_MAG_00090,28890,Archaea;Euryarchaeota
TARA_ASW_MAG_00008,69657,Bacteria;Proteobacteria;Alphaproteobacteria;Rhodobacterales;Hyphomonadaceae
TARA_ANW_MAG_00029,200644,Bacteria;Bacteroidetes;Flavobacteriia;Flavobacteriales
TARA_MED_MAG_00012,1236,Bacteria;Proteobacteria;Gammaproteobacteria
TARA_IOS_MAG_00075,2902,Eukaryota;Isochrysidales;Noelaerhabdaceae;Emiliania
TARA_ION_MAG_00033,28890,Archaea;Euryarchaeota
TARA_ANE_MAG_00048,1236,Bacteria;Proteobacteria;Gammaproteobacteria
TARA_ANW_MAG_00021,200644,Bacteria;Bacteroidetes;Flavobacteriia;Flavobacteriales
TARA_ANW_MAG_00075,38832,Eukaryota;Chlorophyta;Mamiellophyceae;Mamiellales;Mamiellaceae;Micromonas
TARA_PON_MAG_00012,200644,Bacteria;Bacteroidetes;Flavobacteriia;Flavobacteriales
TARA_PSE_MAG_00039,29,Bacteria;Proteobacteria;Deltaproteobacteria;Myxococcales
TARA_ANW_MAG_00024,28890,Archaea;Euryarchaeota
TARA_MED_MAG_00107,1655514,Bacteria;Proteobacteria;Alphaproteobacteria;Pelagibacterales;Pelagibacteraceae
TARA_ASE_MAG_00018,28890,Archaea;Euryarchaeota
TARA_PSW_MAG_00116,72275,Bacteria;Proteobacteria;Gammaproteobacteria;Alteromonadales;Alteromonadaceae
TARA_PON_MAG_00007,200644,Bacteria;Bacteroidetes;Flavobacteriia;Flavobacteriales
TARA_ANE_MAG_00053,1,
TARA_ASE_MAG_00020,203557,Bacteria;Verrucomicrobia;Verrucomicrobiae;Verrucomicrobiales;Verrucomicrobiaceae
TARA_PSE_MAG_00010,31989,Bacteria;Proteobacteria;Alphaproteobacteria;Rhodobacterales;Rhodobacteraceae
TARA_MED_MAG_00025,1,
TARA_ASW_MAG_00003,43988,Bacteria;Cyanobacteria;Oscillatoriales;Cyanothecaceae;Cyanothece
TARA_ASE_MAG_00011,28890,Archaea;Euryarchaeota
TARA_ASW_MAG_00045,2759,Eukaryota
TARA_MED_MAG_00004,200644,Bacteria;Bacteroidetes;Flavobacteriia;Flavobacteriales
TARA_RED_MAG_00050,118,Bacteria;Planctomycetes;Planctomycetia;Planctomycetales;Planctomycetaceae;Planctomyces
TARA_PON_MAG_00006,28221,Bacteria;Proteobacteria;Deltaproteobacteria
TARA_MED_MAG_00031,1236,Bacteria;Proteobacteria;Gammaproteobacteria
TARA_ANE_MAG_00079,203557,Bacteria;Verrucomicrobia;Verrucomicrobiae;Verrucomicrobiales;Verrucomicrobiaceae
TARA_ASW_MAG_00019,28890,Archaea;Euryarchaeota
TARA_ION_MAG_00053,1655514,Bacteria;Proteobacteria;Alphaproteobacteria;Pelagibacterales;Pelagibacteraceae
TARA_PSE_MAG_00124,41295,Bacteria;Proteobacteria;Alphaproteobacteria;Rhodospirillales;Rhodospirillaceae
TARA_ION_MAG_00044,28890,Archaea;Euryarchaeota
TARA_ION_MAG_00042,2,Bacteria
TARA_PSW_MAG_00109,1236,Bacteria;Proteobacteria;Gammaproteobacteria
TARA_PSW_MAG_00047,246874,Bacteria;Bacteroidetes;Flavobacteriia;Flavobacteriales;Cryomorphaceae
TARA_PSW_MAG_00078,1236,Bacteria;Proteobacteria;Gammaproteobacteria
TARA_IOS_MAG_00044,415000,Bacteria;Verrucomicrobia;Opitutae;Opitutales
TARA_MED_MAG_00038,1236,Bacteria;Proteobacteria;Gammaproteobacteria
TARA_PSE_MAG_00104,72275,Bacteria;Proteobacteria;Gammaproteobacteria;Alteromonadales;Alteromonadaceae
TARA_PSE_MAG_00013,49546,Bacteria;Bacteroidetes;Flavobacteriia;Flavobacteriales;Flavobacteriaceae
TARA_PSW_MAG_00091,48461,Bacteria;Verrucomicrobia;Verrucomicrobiae;Verrucomicrobiales
TARA_IOS_MAG_00036,415000,Bacteria;Verrucomicrobia;Opitutae;Opitutales
TARA_PSW_MAG_00020,204441,Bacteria;Proteobacteria;Alphaproteobacteria;Rhodospirillales
TARA_PSW_MAG_00094,28890,Archaea;Euryarchaeota
TARA_MED_MAG_00042,766,Bacteria;Proteobacteria;Alphaproteobacteria;Rickettsiales
TARA_MED_MAG_00021,1,
TARA_MED_MAG_00121,1224,Bacteria;Proteobacteria
TARA_ASE_MAG_00027,41295,Bacteria;Proteobacteria;Alphaproteobacteria;Rhodospirillales;Rhodospirillaceae
TARA_ANW_MAG_00030,1,
TARA_PSE_MAG_00110,135620,Bacteria;Proteobacteria;Gammaproteobacteria;Oceanospirillales;Oceanospirillaceae
TARA_ANW_MAG_00009,475794,Bacteria;Proteobacteria;Gammaproteobacteria;Cellvibrionales;Halieaceae;Haliea
TARA_ANE_MAG_00098,2902,Eukaryota;Isochrysidales;Noelaerhabdaceae;Emiliania
TARA_SOC_MAG_00011,52959,Bacteria;Bacteroidetes;Flavobacteriia;Flavobacteriales;Flavobacteriaceae;Polaribacter
TARA_ANW_MAG_00085,2902,Eukaryota;Isochrysidales;Noelaerhabdaceae;Emiliania
TARA_ION_MAG_00004,80840,Bacteria;Proteobacteria;Betaproteobacteria;Burkholderiales
TARA_ASE_MAG_00025,200644,Bacteria;Bacteroidetes;Flavobacteriia;Flavobacteriales
TARA_SOC_MAG_00004,200644,Bacteria;Bacteroidetes;Flavobacteriia;Flavobacteriales
TARA_ION_MAG_00007,126,Bacteria;Planctomycetes;Planctomycetia;Planctomycetales;Planctomycetaceae
TARA_PSE_MAG_00079,49546,Bacteria;Bacteroidetes;Flavobacteriia;Flavobacteriales;Flavobacteriaceae
TARA_ANE_MAG_00081,126,Bacteria;Planctomycetes;Planctomycetia;Planctomycetales;Planctomycetaceae
TARA_MED_MAG_00035,49546,Bacteria;Bacteroidetes;Flavobacteriia;Flavobacteriales;Flavobacteriaceae
TARA_ASE_MAG_00029,89374,Bacteria;Bacteroidetes;Saprospiria;Saprospirales;Saprospiraceae
TARA_PSE_MAG_00006,200644,Bacteria;Bacteroidetes;Flavobacteriia;Flavobacteriales
TARA_ANW_MAG_00053,1236,Bacteria;Proteobacteria;Gammaproteobacteria
TARA_RED_MAG_00122,942,Bacteria;Proteobacteria;Alphaproteobacteria;Rickettsiales;Anaplasmataceae
TARA_IOS_MAG_00070,41295,Bacteria;Proteobacteria;Alphaproteobacteria;Rhodospirillales;Rhodospirillaceae
TARA_PSW_MAG_00032,31989,Bacteria;Proteobacteria;Alphaproteobacteria;Rhodobacterales;Rhodobacteraceae
TARA_ION_MAG_00011,1224,Bacteria;Proteobacteria
TARA_RED_MAG_00059,766,Bacteria;Proteobacteria;Alphaproteobacteria;Rickettsiales
TARA_SOC_MAG_00006,200644,Bacteria;Bacteroidetes;Flavobacteriia;Flavobacteriales
TARA_PON_MAG_00050,415000,Bacteria;Verrucomicrobia;Opitutae;Opitutales
TARA_PSW_MAG_00061,200644,Bacteria;Bacteroidetes;Flavobacteriia;Flavobacteriales
TARA_IOS_MAG_00051,1,
TARA_PSE_MAG_00123,2742,Bacteria;Proteobacteria;Gammaproteobacteria;Alteromonadales;Alteromonadaceae;Marinobacter
TARA_RED_MAG_00051,1,
TARA_ANE_MAG_00034,1236,Bacteria;Proteobacteria;Gammaproteobacteria
TARA_RED_MAG_00083,1,
TARA_PSW_MAG_00101,28890,Archaea;Euryarchaeota
TARA_RED_MAG_00029,415000,Bacteria;Verrucomicrobia;Opitutae;Opitutales
TARA_RED_MAG_00026,28211,Bacteria;Proteobacteria;Alphaproteobacteria
TARA_ANE_MAG_00049,1236,Bacteria;Proteobacteria;Gammaproteobacteria
TARA_RED_MAG_00120,2,Bacteria
TARA_ANW_MAG_00081,38832,Eukaryota;Chlorophyta;Mamiellophyceae;Mamiellales;Mamiellaceae;Micromonas
TARA_MED_MAG_00115,200644,Bacteria;Bacteroidetes;Flavobacteriia;Flavobacteriales
TARA_PSW_MAG_00106,41295,Bacteria;Proteobacteria;Alphaproteobacteria;Rhodospirillales;Rhodospirillaceae
TARA_RED_MAG_00045,41295,Bacteria;Proteobacteria;Alphaproteobacteria;Rhodospirillales;Rhodospirillaceae
TARA_ANE_MAG_00068,1,
TARA_ANE_MAG_00022,1236,Bacteria;Proteobacteria;Gammaproteobacteria
TARA_PON_MAG_00016,200644,Bacteria;Bacteroidetes;Flavobacteriia;Flavobacteriales
TARA_ANE_MAG_00099,38832,Eukaryota;Chlorophyta;Mamiellophyceae;Mamiellales;Mamiellaceae;Micromonas
TARA_PSE_MAG_00101,335929,Bacteria;Proteobacteria;Alphaproteobacteria;Sphingomonadales;Erythrobacteraceae
TARA_ASE_MAG_00008,206350,Bacteria;Proteobacteria;Betaproteobacteria;Methylophilales
TARA_ASW_MAG_00004,135620,Bacteria;Proteobacteria;Gammaproteobacteria;Oceanospirillales;Oceanospirillaceae
TARA_PSE_MAG_00018,200667,Bacteria;Bacteroidetes;Cytophagia;Cytophagales;Flammeovirgaceae
TARA_PSE_MAG_00023,126,Bacteria;Planctomycetes;Planctomycetia;Planctomycetales;Planctomycetaceae
TARA_ION_MAG_00050,1236,Bacteria;Proteobacteria;Gammaproteobacteria
TARA_SOC_MAG_00001,28211,Bacteria;Proteobacteria;Alphaproteobacteria
TARA_PSE_MAG_00015,1236,Bacteria;Proteobacteria;Gammaproteobacteria
TARA_PON_MAG_00026,1224,Bacteria;Proteobacteria
TARA_PSE_MAG_00088,1,
TARA_RED_MAG_00038,1,
TARA_PSE_MAG_00147,2902,Eukaryota;Isochrysidales;Noelaerhabdaceae;Emiliania
TARA_ASE_MAG_00035,2902,Eukaryota;Isochrysidales;Noelaerhabdaceae;Emiliania
TARA_ANW_MAG_00007,126,Bacteria;Planctomycetes;Planctomycetia;Planctomycetales;Planctomycetaceae
TARA_ANE_MAG_00065,28890,Archaea;Euryarchaeota
TARA_ANW_MAG_00045,28890,Archaea;Euryarchaeota
TARA_ANW_MAG_00042,206350,Bacteria;Proteobacteria;Betaproteobacteria;Methylophilales
TARA_PON_MAG_00009,1,
TARA_ASE_MAG_00033,2902,Eukaryota;Isochrysidales;Noelaerhabdaceae;Emiliania
TARA_RED_MAG_00015,766,Bacteria;Proteobacteria;Alphaproteobacteria;Rickettsiales
TARA_PON_MAG_00047,28890,Archaea;Euryarchaeota
TARA_ION_MAG_00058,1,
TARA_ANW_MAG_00005,1236,Bacteria;Proteobacteria;Gammaproteobacteria
TARA_MED_MAG_00131,1,
TARA_ASE_MAG_00037,44055,Eukaryota;Pelagophyceae;Pelagomonadales;Aureococcus
TARA_MED_MAG_00010,200667,Bacteria;Bacteroidetes;Cytophagia;Cytophagales;Flammeovirgaceae
TARA_RED_MAG_00006,41295,Bacteria;Proteobacteria;Alphaproteobacteria;Rhodospirillales;Rhodospirillaceae
TARA_PSE_MAG_00066,126,Bacteria;Planctomycetes;Planctomycetia;Planctomycetales;Planctomycetaceae
TARA_MED_MAG_00084,49546,Bacteria;Bacteroidetes;Flavobacteriia;Flavobacteriales;Flavobacteriaceae
TARA_RED_MAG_00093,126,Bacteria;Planctomycetes;Planctomycetia;Planctomycetales;Planctomycetaceae
TARA_PSE_MAG_00024,31989,Bacteria;Proteobacteria;Alphaproteobacteria;Rhodobacterales;Rhodobacteraceae
TARA_ANE_MAG_00043,200644,Bacteria;Bacteroidetes;Flavobacteriia;Flavobacteriales
TARA_MED_MAG_00015,80840,Bacteria;Proteobacteria;Betaproteobacteria;Burkholderiales
TARA_ANW_MAG_00065,29,Bacteria;Proteobacteria;Deltaproteobacteria;Myxococcales
TARA_PSE_MAG_00083,49546,Bacteria;Bacteroidetes;Flavobacteriia;Flavobacteriales;Flavobacteriaceae
TARA_MED_MAG_00119,200644,Bacteria;Bacteroidetes;Flavobacteriia;Flavobacteriales
TARA_RED_MAG_00025,1236,Bacteria;Proteobacteria;Gammaproteobacteria
TARA_ANW_MAG_00025,1,
TARA_PSE_MAG_00074,766,Bacteria;Proteobacteria;Alphaproteobacteria;Rickettsiales
TARA_MED_MAG_00082,1236,Bacteria;Proteobacteria;Gammaproteobacteria
TARA_ANW_MAG_00068,167375,Bacteria;Cyanobacteria;Synechococcales;Synechococcaceae;Cyanobium
TARA_ASW_MAG_00012,252356,Bacteria;Bacteroidetes;Flavobacteriia;Flavobacteriales;Flavobacteriaceae;Maribacter
TARA_IOS_MAG_00030,28890,Archaea;Euryarchaeota
TARA_PSW_MAG_00090,246874,Bacteria;Bacteroidetes;Flavobacteriia;Flavobacteriales;Cryomorphaceae
TARA_ANW_MAG_00048,200644,Bacteria;Bacteroidetes;Flavobacteriia;Flavobacteriales
TARA_RED_MAG_00092,2,Bacteria
TARA_MED_MAG_00018,200644,Bacteria;Bacteroidetes;Flavobacteriia;Flavobacteriales
TARA_PSE_MAG_00068,2,Bacteria
TARA_PSW_MAG_00092,1236,Bacteria;Proteobacteria;Gammaproteobacteria
TARA_ANW_MAG_00031,41295,Bacteria;Proteobacteria;Alphaproteobacteria;Rhodospirillales;Rhodospirillaceae
TARA_ION_MAG_00020,1236,Bacteria;Proteobacteria;Gammaproteobacteria
TARA_ASE_MAG_00012,1236,Bacteria;Proteobacteria;Gammaproteobacteria
TARA_MED_MAG_00109,28890,Archaea;Euryarchaeota
TARA_ION_MAG_00028,1,
TARA_RED_MAG_00063,1236,Bacteria;Proteobacteria;Gammaproteobacteria
TARA_PSE_MAG_00046,1,
TARA_PSW_MAG_00010,28211,Bacteria;Proteobacteria;Alphaproteobacteria
TARA_PSW_MAG_00104,200644,Bacteria;Bacteroidetes;Flavobacteriia;Flavobacteriales
TARA_RED_MAG_00036,118,Bacteria;Planctomycetes;Planctomycetia;Planctomycetales;Planctomycetaceae;Planctomyces
TARA_PSE_MAG_00098,49546,Bacteria;Bacteroidetes;Flavobacteriia;Flavobacteriales;Flavobacteriaceae
TARA_MED_MAG_00090,246874,Bacteria;Bacteroidetes;Flavobacteriia;Flavobacteriales;Cryomorphaceae
TARA_IOS_MAG_00016,1,
TARA_IOS_MAG_00025,1236,Bacteria;Proteobacteria;Gammaproteobacteria
TARA_ION_MAG_00059,74201,Bacteria;Verrucomicrobia
TARA_MED_MAG_00020,766,Bacteria;Proteobacteria;Alphaproteobacteria;Rickettsiales
TARA_PON_MAG_00029,203557,Bacteria;Verrucomicrobia;Verrucomicrobiae;Verrucomicrobiales;Verrucomicrobiaceae
TARA_IOS_MAG_00001,415000,Bacteria;Verrucomicrobia;Opitutae;Opitutales
TARA_MED_MAG_00019,200644,Bacteria;Bacteroidetes;Flavobacteriia;Flavobacteriales
TARA_PON_MAG_00031,31989,Bacteria;Proteobacteria;Alphaproteobacteria;Rhodobacterales;Rhodobacteraceae
TARA_SOC_MAG_00014,2759,Eukaryota
TARA_ANW_MAG_00083,2902,Eukaryota;Isochrysidales;Noelaerhabdaceae;Emiliania
TARA_MED_MAG_00046,1236,Bacteria;Proteobacteria;Gammaproteobacteria
TARA_PON_MAG_00039,41295,Bacteria;Proteobacteria;Alphaproteobacteria;Rhodospirillales;Rhodospirillaceae
TARA_PSW_MAG_00029,74030,Bacteria;Proteobacteria;Alphaproteobacteria;Rhodobacterales;Rhodobacteraceae;Roseovarius
TARA_MED_MAG_00052,1236,Bacteria;Proteobacteria;Gammaproteobacteria
TARA_ANW_MAG_00077,126,Bacteria;Planctomycetes;Planctomycetia;Planctomycetales;Planctomycetaceae
TARA_RED_MAG_00046,200644,Bacteria;Bacteroidetes;Flavobacteriia;Flavobacteriales
TARA_MED_MAG_00017,31989,Bacteria;Proteobacteria;Alphaproteobacteria;Rhodobacterales;Rhodobacteraceae
TARA_IOS_MAG_00018,203557,Bacteria;Verrucomicrobia;Verrucomicrobiae;Verrucomicrobiales;Verrucomicrobiaceae
TARA_MED_MAG_00077,1,
TARA_ION_MAG_00025,478070,Bacteria;Proteobacteria;Alphaproteobacteria;Rhodobacterales;Rhodobacteraceae;Labrenzia
TARA_PSW_MAG_00093,203692,Bacteria;Spirochaetes;Spirochaetia
TARA_ANW_MAG_00013,1,
TARA_ANE_MAG_00097,2902,Eukaryota;Isochrysidales;Noelaerhabdaceae;Emiliania
TARA_ANW_MAG_00034,200644,Bacteria;Bacteroidetes;Flavobacteriia;Flavobacteriales
TARA_PSW_MAG_00089,72275,Bacteria;Proteobacteria;Gammaproteobacteria;Alteromonadales;Alteromonadaceae
TARA_RED_MAG_00057,48461,Bacteria;Verrucomicrobia;Verrucomicrobiae;Verrucomicrobiales
TARA_RED_MAG_00105,335929,Bacteria;Proteobacteria;Alphaproteobacteria;Sphingomonadales;Erythrobacteraceae
TARA_ANE_MAG_00083,1236,Bacteria;Proteobacteria;Gammaproteobacteria
TARA_IOS_MAG_00020,766,Bacteria;Proteobacteria;Alphaproteobacteria;Rickettsiales
TARA_RED_MAG_00010,1,
TARA_MED_MAG_00083,356,Bacteria;Proteobacteria;Alphaproteobacteria;Rhizobiales
TARA_ASW_MAG_00013,28890,Archaea;Euryarchaeota
TARA_ANE_MAG_00036,200644,Bacteria;Bacteroidetes;Flavobacteriia;Flavobacteriales
TARA_PSE_MAG_00077,335929,Bacteria;Proteobacteria;Alphaproteobacteria;Sphingomonadales;Erythrobacteraceae
TARA_PSW_MAG_00028,137,Bacteria;Spirochaetes;Spirochaetia;Spirochaetales;Spirochaetaceae
TARA_PSE_MAG_00089,126,Bacteria;Planctomycetes;Planctomycetia;Planctomycetales;Planctomycetaceae
TARA_ASW_MAG_00024,28890,Archaea;Euryarchaeota
TARA_ION_MAG_00045,1236,Bacteria;Proteobacteria;Gammaproteobacteria
TARA_ASE_MAG_00021,89374,Bacteria;Bacteroidetes;Saprospiria;Saprospirales;Saprospiraceae
TARA_PSW_MAG_00082,2,Bacteria
TARA_ANW_MAG_00046,28890,Archaea;Euryarchaeota
TARA_ANE_MAG_00058,204455,Bacteria;Proteobacteria;Alphaproteobacteria;Rhodobacterales
TARA_RED_MAG_00033,1,
TARA_PSW_MAG_00030,29,Bacteria;Proteobacteria;Deltaproteobacteria;Myxococcales
TARA_RED_MAG_00042,1,
TARA_PSW_MAG_00036,356,Bacteria;Proteobacteria;Alphaproteobacteria;Rhizobiales
TARA_PSE_MAG_00148,2,Bacteria
TARA_PSW_MAG_00060,1236,Bacteria;Proteobacteria;Gammaproteobacteria
TARA_MED_MAG_00085,390876,Bacteria;Proteobacteria;Alphaproteobacteria;Rhodospirillales;Rhodospirillaceae;Nisaea
TARA_RED_MAG_00074,415000,Bacteria;Verrucomicrobia;Opitutae;Opitutales
TARA_PSE_MAG_00106,69657,Bacteria;Proteobacteria;Alphaproteobacteria;Rhodobacterales;Hyphomonadaceae
TARA_ION_MAG_00040,28890,Archaea;Euryarchaeota
TARA_ANE_MAG_00057,1236,Bacteria;Proteobacteria;Gammaproteobacteria
TARA_PON_MAG_00023,135620,Bacteria;Proteobacteria;Gammaproteobacteria;Oceanospirillales;Oceanospirillaceae
TARA_PSW_MAG_00053,2,Bacteria
TARA_ANE_MAG_00015,1,
TARA_ANE_MAG_00003,415000,Bacteria;Verrucomicrobia;Opitutae;Opitutales
TARA_RED_MAG_00102,41295,Bacteria;Proteobacteria;Alphaproteobacteria;Rhodospirillales;Rhodospirillaceae
TARA_ANE_MAG_00019,28890,Archaea;Euryarchaeota
TARA_ANW_MAG_00003,28211,Bacteria;Proteobacteria;Alphaproteobacteria
TARA_MED_MAG_00071,1236,Bacteria;Proteobacteria;Gammaproteobacteria
TARA_RED_MAG_00039,1,
TARA_PSW_MAG_00068,200644,Bacteria;Bacteroidetes;Flavobacteriia;Flavobacteriales
TARA_MED_MAG_00099,1236,Bacteria;Proteobacteria;Gammaproteobacteria
TARA_ANE_MAG_00041,200644,Bacteria;Bacteroidetes;Flavobacteriia;Flavobacteriales
TARA_PON_MAG_00036,200644,Bacteria;Bacteroidetes;Flavobacteriia;Flavobacteriales
TARA_MED_MAG_00100,1,
TARA_ASW_MAG_00010,85023,Bacteria;Actinobacteria;Actinobacteria;Micrococcales;Microbacteriaceae
TARA_MED_MAG_00006,41295,Bacteria;Proteobacteria;Alphaproteobacteria;Rhodospirillales;Rhodospirillaceae
TARA_RED_MAG_00115,126,Bacteria;Planctomycetes;Planctomycetia;Planctomycetales;Planctomycetaceae
TARA_ASE_MAG_00015,200644,Bacteria;Bacteroidetes;Flavobacteriia;Flavobacteriales
TARA_PSE_MAG_00096,1236,Bacteria;Proteobacteria;Gammaproteobacteria
TARA_RED_MAG_00108,1224,Bacteria;Proteobacteria
TARA_PSE_MAG_00127,200644,Bacteria;Bacteroidetes;Flavobacteriia;Flavobacteriales
TARA_PSW_MAG_00046,28211,Bacteria;Proteobacteria;Alphaproteobacteria
TARA_PON_MAG_00040,1224,Bacteria;Proteobacteria
TARA_PSW_MAG_00114,200644,Bacteria;Bacteroidetes;Flavobacteriia;Flavobacteriales
TARA_IOS_MAG_00059,2,Bacteria
TARA_RED_MAG_00117,91061,Bacteria;Firmicutes;Bacilli
TARA_ANE_MAG_00010,49546,Bacteria;Bacteroidetes;Flavobacteriia;Flavobacteriales;Flavobacteriaceae
TARA_PON_MAG_00005,28211,Bacteria;Proteobacteria;Alphaproteobacteria
TARA_IOS_MAG_00035,203557,Bacteria;Verrucomicrobia;Verrucomicrobiae;Verrucomicrobiales;Verrucomicrobiaceae
TARA_IOS_MAG_00019,200644,Bacteria;Bacteroidetes;Flavobacteriia;Flavobacteriales
TARA_ION_MAG_00048,168934,Bacteria;Proteobacteria;Alphaproteobacteria;Rhodospirillales;Rhodospirillaceae;Thalassospira
TARA_PON_MAG_00071,203557,Bacteria;Verrucomicrobia;Verrucomicrobiae;Verrucomicrobiales;Verrucomicrobiaceae
TARA_MED_MAG_00044,415000,Bacteria;Verrucomicrobia;Opitutae;Opitutales
TARA_MED_MAG_00080,28890,Archaea;Euryarchaeota
TARA_PSW_MAG_00073,28890,Archaea;Euryarchaeota
TARA_MED_MAG_00036,415000,Bacteria;Verrucomicrobia;Opitutae;Opitutales
TARA_ANW_MAG_00002,135614,Bacteria;Proteobacteria;Gammaproteobacteria;Xanthomonadales
TARA_ANE_MAG_00020,766,Bacteria;Proteobacteria;Alphaproteobacteria;Rickettsiales
TARA_ION_MAG_00034,28890,Archaea;Euryarchaeota
TARA_PSW_MAG_00042,80840,Bacteria;Proteobacteria;Betaproteobacteria;Burkholderiales
TARA_MED_MAG_00064,356,Bacteria;Proteobacteria;Alphaproteobacteria;Rhizobiales
TARA_ASW_MAG_00016,69657,Bacteria;Proteobacteria;Alphaproteobacteria;Rhodobacterales;Hyphomonadaceae
TARA_PON_MAG_00030,167375,Bacteria;Cyanobacteria;Synechococcales;Synechococcaceae;Cyanobium
TARA_ANW_MAG_00067,2,Bacteria
TARA_ION_MAG_00032,72275,Bacteria;Proteobacteria;Gammaproteobacteria;Alteromonadales;Alteromonadaceae
TARA_ASE_MAG_00003,89374,Bacteria;Bacteroidetes;Saprospiria;Saprospirales;Saprospiraceae
TARA_PSE_MAG_00105,415000,Bacteria;Verrucomicrobia;Opitutae;Opitutales
TARA_PSE_MAG_00144,53246,Bacteria;Proteobacteria;Gammaproteobacteria;Alteromonadales;Pseudoalteromonadaceae;Pseudoalteromonas
TARA_ANE_MAG_00094,41295,Bacteria;Proteobacteria;Alphaproteobacteria;Rhodospirillales;Rhodospirillaceae
TARA_PSW_MAG_00058,2,Bacteria
TARA_RED_MAG_00022,135620,Bacteria;Proteobacteria;Gammaproteobacteria;Oceanospirillales;Oceanospirillaceae
TARA_MED_MAG_00045,72275,Bacteria;Proteobacteria;Gammaproteobacteria;Alteromonadales;Alteromonadaceae
TARA_RED_MAG_00064,1,
TARA_ION_MAG_00060,766,Bacteria;Proteobacteria;Alphaproteobacteria;Rickettsiales
TARA_PSW_MAG_00088,1,
TARA_PSW_MAG_00085,766,Bacteria;Proteobacteria;Alphaproteobacteria;Rickettsiales
TARA_RED_MAG_00052,1,
TARA_MED_MAG_00028,41295,Bacteria;Proteobacteria;Alphaproteobacteria;Rhodospirillales;Rhodospirillaceae
TARA_ANW_MAG_00036,135614,Bacteria;Proteobacteria;Gammaproteobacteria;Xanthomonadales
TARA_PON_MAG_00077,2,Bacteria
TARA_MED_MAG_00033,1224,Bacteria;Proteobacteria
TARA_ANE_MAG_00066,204455,Bacteria;Proteobacteria;Alphaproteobacteria;Rhodobacterales
TARA_IOS_MAG_00012,766,Bacteria;Proteobacteria;Alphaproteobacteria;Rickettsiales
TARA_PSE_MAG_00022,135614,Bacteria;Proteobacteria;Gammaproteobacteria;Xanthomonadales
TARA_PON_MAG_00049,28890,Archaea;Euryarchaeota
TARA_MED_MAG_00130,415000,Bacteria;Verrucomicrobia;Opitutae;Opitutales
TARA_ANE_MAG_00092,1,
TARA_ANW_MAG_00016,1236,Bacteria;Proteobacteria;Gammaproteobacteria
TARA_RED_MAG_00060,1236,Bacteria;Proteobacteria;Gammaproteobacteria
TARA_PSW_MAG_00087,415000,Bacteria;Verrucomicrobia;Opitutae;Opitutales
TARA_ION_MAG_00014,135620,Bacteria;Proteobacteria;Gammaproteobacteria;Oceanospirillales;Oceanospirillaceae
TARA_PSW_MAG_00006,2,Bacteria
TARA_MED_MAG_00073,415000,Bacteria;Verrucomicrobia;Opitutae;Opitutales
TARA_PSW_MAG_00059,766,Bacteria;Proteobacteria;Alphaproteobacteria;Rickettsiales
TARA_PSE_MAG_00028,126,Bacteria;Planctomycetes;Planctomycetia;Planctomycetales;Planctomycetaceae
TARA_PSW_MAG_00072,126,Bacteria;Planctomycetes;Planctomycetia;Planctomycetales;Planctomycetaceae
TARA_ION_MAG_00031,415000,Bacteria;Verrucomicrobia;Opitutae;Opitutales
TARA_PSE_MAG_00050,200644,Bacteria;Bacteroidetes;Flavobacteriia;Flavobacteriales
TARA_ION_MAG_00047,246874,Bacteria;Bacteroidetes;Flavobacteriia;Flavobacteriales;Cryomorphaceae
TARA_RED_MAG_00044,1,
TARA_MED_MAG_00098,976,Bacteria;Bacteroidetes
TARA_ANW_MAG_00026,766,Bacteria;Proteobacteria;Alphaproteobacteria;Rickettsiales
TARA_ASW_MAG_00040,2759,Eukaryota
TARA_PSE_MAG_00064,28890,Archaea;Euryarchaeota
TARA_PSE_MAG_00120,72274,Bacteria;Proteobacteria;Gammaproteobacteria;Pseudomonadales
TARA_PON_MAG_00010,1224,Bacteria;Proteobacteria
TARA_RED_MAG_00020,118,Bacteria;Planctomycetes;Planctomycetia;Planctomycetales;Planctomycetaceae;Planctomyces
TARA_IOS_MAG_00031,200644,Bacteria;Bacteroidetes;Flavobacteriia;Flavobacteriales
TARA_IOS_MAG_00057,29,Bacteria;Proteobacteria;Deltaproteobacteria;Myxococcales
TARA_IOS_MAG_00056,415000,Bacteria;Verrucomicrobia;Opitutae;Opitutales
TARA_IOS_MAG_00066,28221,Bacteria;Proteobacteria;Deltaproteobacteria
TARA_IOS_MAG_00017,204455,Bacteria;Proteobacteria;Alphaproteobacteria;Rhodobacterales
TARA_ANE_MAG_00037,135620,Bacteria;Proteobacteria;Gammaproteobacteria;Oceanospirillales;Oceanospirillaceae
TARA_ANE_MAG_00082,203557,Bacteria;Verrucomicrobia;Verrucomicrobiae;Verrucomicrobiales;Verrucomicrobiaceae
TARA_ION_MAG_00029,165695,Bacteria;Proteobacteria;Alphaproteobacteria;Sphingomonadales;Sphingomonadaceae;Sphingobium
TARA_PSE_MAG_00061,28890,Archaea;Euryarchaeota
TARA_RED_MAG_00084,2,Bacteria
TARA_MED_MAG_00072,204455,Bacteria;Proteobacteria;Alphaproteobacteria;Rhodobacterales
TARA_ANW_MAG_00019,72274,Bacteria;Proteobacteria;Gammaproteobacteria;Pseudomonadales
TARA_PON_MAG_00055,1236,Bacteria;Proteobacteria;Gammaproteobacteria
TARA_MED_MAG_00075,28890,Archaea;Euryarchaeota
TARA_PSW_MAG_00080,203557,Bacteria;Verrucomicrobia;Verrucomicrobiae;Verrucomicrobiales;Verrucomicrobiaceae
TARA_PSW_MAG_00012,200644,Bacteria;Bacteroidetes;Flavobacteriia;Flavobacteriales
TARA_RED_MAG_00016,200795,Bacteria;Chloroflexi
TARA_IOS_MAG_00063,2742,Bacteria;Proteobacteria;Gammaproteobacteria;Alteromonadales;Alteromonadaceae;Marinobacter
TARA_PON_MAG_00027,795748,Bacteria;Ignavibacteriae;Ignavibacteria;Ignavibacteriales
TARA_MED_MAG_00002,1236,Bacteria;Proteobacteria;Gammaproteobacteria
TARA_ION_MAG_00006,200644,Bacteria;Bacteroidetes;Flavobacteriia;Flavobacteriales
TARA_PON_MAG_00070,28221,Bacteria;Proteobacteria;Deltaproteobacteria
TARA_RED_MAG_00002,1,
TARA_RED_MAG_00068,2,Bacteria
TARA_PON_MAG_00064,2,Bacteria
TARA_PSW_MAG_00064,28221,Bacteria;Proteobacteria;Deltaproteobacteria
TARA_PSE_MAG_00081,1,
TARA_PON_MAG_00001,72275,Bacteria;Proteobacteria;Gammaproteobacteria;Alteromonadales;Alteromonadaceae
TARA_PSW_MAG_00026,213119,Bacteria;Proteobacteria;Deltaproteobacteria;Desulfobacterales;Desulfobacteraceae
TARA_IOS_MAG_00053,766,Bacteria;Proteobacteria;Alphaproteobacteria;Rickettsiales
TARA_ASW_MAG_00022,82115,Bacteria;Proteobacteria;Alphaproteobacteria;Rhizobiales;Rhizobiaceae
TARA_PSW_MAG_00103,200644,Bacteria;Bacteroidetes;Flavobacteriia;Flavobacteriales
TARA_RED_MAG_00061,1,
TARA_PSW_MAG_00096,246874,Bacteria;Bacteroidetes;Flavobacteriia;Flavobacteriales;Cryomorphaceae
TARA_ION_MAG_00064,1224,Bacteria;Proteobacteria
TARA_MED_MAG_00065,1236,Bacteria;Proteobacteria;Gammaproteobacteria
TARA_ANE_MAG_00001,41295,Bacteria;Proteobacteria;Alphaproteobacteria;Rhodospirillales;Rhodospirillaceae
TARA_RED_MAG_00007,41295,Bacteria;Proteobacteria;Alphaproteobacteria;Rhodospirillales;Rhodospirillaceae
TARA_MED_MAG_00134,415000,Bacteria;Verrucomicrobia;Opitutae;Opitutales
TARA_RED_MAG_00028,1,
TARA_PON_MAG_00056,203557,Bacteria;Verrucomicrobia;Verrucomicrobiae;Verrucomicrobiales;Verrucomicrobiaceae
TARA_PSW_MAG_00122,126,Bacteria;Planctomycetes;Planctomycetia;Planctomycetales;Planctomycetaceae
TARA_RED_MAG_00004,28211,Bacteria;Proteobacteria;Alphaproteobacteria
TARA_PSW_MAG_00055,28890,Archaea;Euryarchaeota
TARA_ANW_MAG_00020,41295,Bacteria;Proteobacteria;Alphaproteobacteria;Rhodospirillales;Rhodospirillaceae
TARA_IOS_MAG_00014,415000,Bacteria;Verrucomicrobia;Opitutae;Opitutales
TARA_PSW_MAG_00044,1,
TARA_RED_MAG_00069,2,Bacteria
TARA_MED_MAG_00009,1236,Bacteria;Proteobacteria;Gammaproteobacteria
TARA_MED_MAG_00118,1,
TARA_PSW_MAG_00038,203557,Bacteria;Verrucomicrobia;Verrucomicrobiae;Verrucomicrobiales;Verrucomicrobiaceae
TARA_PSW_MAG_00054,200644,Bacteria;Bacteroidetes;Flavobacteriia;Flavobacteriales
TARA_ASE_MAG_00002,1224,Bacteria;Proteobacteria
TARA_PON_MAG_00058,135575,Bacteria;Proteobacteria;Gammaproteobacteria;Alteromonadales;Idiomarinaceae;Idiomarina
TARA_MED_MAG_00094,415000,Bacteria;Verrucomicrobia;Opitutae;Opitutales
TARA_PSE_MAG_00131,28196,Bacteria;Proteobacteria;Epsilonproteobacteria;Campylobacterales;Campylobacteraceae;Arcobacter
TARA_SOC_MAG_00012,200644,Bacteria;Bacteroidetes;Flavobacteriia;Flavobacteriales
TARA_ION_MAG_00022,766,Bacteria;Proteobacteria;Alphaproteobacteria;Rickettsiales
TARA_PSW_MAG_00065,49546,Bacteria;Bacteroidetes;Flavobacteriia;Flavobacteriales;Flavobacteriaceae
TARA_IOS_MAG_00058,1236,Bacteria;Proteobacteria;Gammaproteobacteria
TARA_ION_MAG_00026,41295,Bacteria;Proteobacteria;Alphaproteobacteria;Rhodospirillales;Rhodospirillaceae
TARA_ANW_MAG_00018,41295,Bacteria;Proteobacteria;Alphaproteobacteria;Rhodospirillales;Rhodospirillaceae
TARA_PSW_MAG_00002,41295,Bacteria;Proteobacteria;Alphaproteobacteria;Rhodospirillales;Rhodospirillaceae
TARA_RED_MAG_00048,1,
TARA_MED_MAG_00122,200644,Bacteria;Bacteroidetes;Flavobacteriia;Flavobacteriales
TARA_ASW_MAG_00043,2759,Eukaryota
TARA_MED_MAG_00005,1,
TARA_MED_MAG_00129,204455,Bacteria;Proteobacteria;Alphaproteobacteria;Rhodobacterales
TARA_MED_MAG_00086,1236,Bacteria;Proteobacteria;Gammaproteobacteria
TARA_PSE_MAG_00057,1,
TARA_IOS_MAG_00015,1236,Bacteria;Proteobacteria;Gammaproteobacteria
TARA_ANW_MAG_00011,31989,Bacteria;Proteobacteria;Alphaproteobacteria;Rhodobacterales;Rhodobacteraceae
TARA_ANW_MAG_00062,1,
TARA_PSE_MAG_00044,203557,Bacteria;Verrucomicrobia;Verrucomicrobiae;Verrucomicrobiales;Verrucomicrobiaceae
TARA_PSW_MAG_00071,28221,Bacteria;Proteobacteria;Deltaproteobacteria
TARA_ANW_MAG_00022,118,Bacteria;Planctomycetes;Planctomycetia;Planctomycetales;Planctomycetaceae;Planctomyces
TARA_ANE_MAG_00030,28890,Archaea;Euryarchaeota
TARA_RED_MAG_00030,57723,Bacteria;Acidobacteria
TARA_MED_MAG_00057,356,Bacteria;Proteobacteria;Alphaproteobacteria;Rhizobiales
TARA_PSW_MAG_00128,82115,Bacteria;Proteobacteria;Alphaproteobacteria;Rhizobiales;Rhizobiaceae
TARA_ANE_MAG_00013,200644,Bacteria;Bacteroidetes;Flavobacteriia;Flavobacteriales
TARA_ANE_MAG_00044,766,Bacteria;Proteobacteria;Alphaproteobacteria;Rickettsiales
TARA_PSE_MAG_00139,29,Bacteria;Proteobacteria;Deltaproteobacteria;Myxococcales
TARA_PSE_MAG_00071,1236,Bacteria;Proteobacteria;Gammaproteobacteria
TARA_PSE_MAG_00004,118969,Bacteria;Proteobacteria;Gammaproteobacteria;Legionellales
TARA_IOS_MAG_00064,1236,Bacteria;Proteobacteria;Gammaproteobacteria
TARA_IOS_MAG_00042,1224,Bacteria;Proteobacteria
TARA_PON_MAG_00052,1236,Bacteria;Proteobacteria;Gammaproteobacteria
TARA_ION_MAG_00015,33882,Bacteria;Actinobacteria;Actinobacteria;Micrococcales;Microbacteriaceae;Microbacterium
TARA_PSE_MAG_00019,41295,Bacteria;Proteobacteria;Alphaproteobacteria;Rhodospirillales;Rhodospirillaceae
TARA_ION_MAG_00036,415000,Bacteria;Verrucomicrobia;Opitutae;Opitutales
TARA_MED_MAG_00106,200644,Bacteria;Bacteroidetes;Flavobacteriia;Flavobacteriales
TARA_PSE_MAG_00109,1236,Bacteria;Proteobacteria;Gammaproteobacteria
TARA_PSE_MAG_00033,200644,Bacteria;Bacteroidetes;Flavobacteriia;Flavobacteriales
TARA_PSE_MAG_00020,200644,Bacteria;Bacteroidetes;Flavobacteriia;Flavobacteriales
TARA_ION_MAG_00038,766,Bacteria;Proteobacteria;Alphaproteobacteria;Rickettsiales
TARA_MED_MAG_00055,2,Bacteria
TARA_PON_MAG_00053,28211,Bacteria;Proteobacteria;Alphaproteobacteria
TARA_PSE_MAG_00130,135620,Bacteria;Proteobacteria;Gammaproteobacteria;Oceanospirillales;Oceanospirillaceae
TARA_ANE_MAG_00033,1,
TARA_ANE_MAG_00027,28890,Archaea;Euryarchaeota
TARA_RED_MAG_00099,200644,Bacteria;Bacteroidetes;Flavobacteriia;Flavobacteriales
TARA_ANE_MAG_00046,1224,Bacteria;Proteobacteria
TARA_MED_MAG_00136,41295,Bacteria;Proteobacteria;Alphaproteobacteria;Rhodospirillales;Rhodospirillaceae
TARA_MED_MAG_00087,80840,Bacteria;Proteobacteria;Betaproteobacteria;Burkholderiales
TARA_MED_MAG_00003,1236,Bacteria;Proteobacteria;Gammaproteobacteria
TARA_ASW_MAG_00017,28890,Archaea;Euryarchaeota
TARA_ION_MAG_00041,415000,Bacteria;Verrucomicrobia;Opitutae;Opitutales
TARA_PSW_MAG_00130,203682,Bacteria;Planctomycetes
TARA_PSE_MAG_00090,766,Bacteria;Proteobacteria;Alphaproteobacteria;Rickettsiales
TARA_PSE_MAG_00094,1236,Bacteria;Proteobacteria;Gammaproteobacteria
TARA_MED_MAG_00058,135620,Bacteria;Proteobacteria;Gammaproteobacteria;Oceanospirillales;Oceanospirillaceae
TARA_RED_MAG_00109,28211,Bacteria;Proteobacteria;Alphaproteobacteria
TARA_MED_MAG_00027,1,
TARA_PSW_MAG_00097,126,Bacteria;Planctomycetes;Planctomycetia;Planctomycetales;Planctomycetaceae
TARA_PSE_MAG_00070,28890,Archaea;Euryarchaeota
TARA_ANW_MAG_00004,28211,Bacteria;Proteobacteria;Alphaproteobacteria
TARA_RED_MAG_00080,1236,Bacteria;Proteobacteria;Gammaproteobacteria
TARA_MED_MAG_00022,1224,Bacteria;Proteobacteria
TARA_RED_MAG_00111,28211,Bacteria;Proteobacteria;Alphaproteobacteria
TARA_PSE_MAG_00052,1,
TARA_IOS_MAG_00077,2759,Eukaryota
TARA_PSE_MAG_00121,28221,Bacteria;Proteobacteria;Deltaproteobacteria
TARA_RED_MAG_00021,28890,Archaea;Euryarchaeota
TARA_MED_MAG_00126,126,Bacteria;Planctomycetes;Planctomycetia;Planctomycetales;Planctomycetaceae
TARA_ANW_MAG_00060,1,
TARA_SOC_MAG_00003,200644,Bacteria;Bacteroidetes;Flavobacteriia;Flavobacteriales
TARA_PSE_MAG_00118,135620,Bacteria;Proteobacteria;Gammaproteobacteria;Oceanospirillales;Oceanospirillaceae
TARA_RED_MAG_00110,28211,Bacteria;Proteobacteria;Alphaproteobacteria
TARA_PON_MAG_00069,200644,Bacteria;Bacteroidetes;Flavobacteriia;Flavobacteriales
TARA_PSW_MAG_00013,872,Bacteria;Proteobacteria;Deltaproteobacteria;Desulfovibrionales;Desulfovibrionaceae;Desulfovibrio
TARA_IOS_MAG_00037,1236,Bacteria;Proteobacteria;Gammaproteobacteria
TARA_ION_MAG_00046,2,Bacteria
TARA_PON_MAG_00033,28890,Archaea;Euryarchaeota
TARA_RED_MAG_00035,766,Bacteria;Proteobacteria;Alphaproteobacteria;Rickettsiales
TARA_PSE_MAG_00025,31989,Bacteria;Proteobacteria;Alphaproteobacteria;Rhodobacterales;Rhodobacteraceae
TARA_ION_MAG_00018,1236,Bacteria;Proteobacteria;Gammaproteobacteria
TARA_IOS_MAG_00052,766,Bacteria;Proteobacteria;Alphaproteobacteria;Rickettsiales
TARA_ANW_MAG_00014,126,Bacteria;Planctomycetes;Planctomycetia;Planctomycetales;Planctomycetaceae
TARA_PSE_MAG_00062,31989,Bacteria;Proteobacteria;Alphaproteobacteria;Rhodobacterales;Rhodobacteraceae
TARA_PSW_MAG_00107,200795,Bacteria;Chloroflexi
TARA_ASW_MAG_00026,33882,Bacteria;Actinobacteria;Actinobacteria;Micrococcales;Microbacteriaceae;Microbacterium
TARA_PON_MAG_00042,135575,Bacteria;Proteobacteria;Gammaproteobacteria;Alteromonadales;Idiomarinaceae;Idiomarina
TARA_PSE_MAG_00042,286,Bacteria;Proteobacteria;Gammaproteobacteria;Pseudomonadales;Pseudomonadaceae;Pseudomonas
TARA_IOS_MAG_00055,415000,Bacteria;Verrucomicrobia;Opitutae;Opitutales
TARA_ANE_MAG_00061,1,
TARA_PSW_MAG_00069,41295,Bacteria;Proteobacteria;Alphaproteobacteria;Rhodospirillales;Rhodospirillaceae
TARA_ION_MAG_00024,1236,Bacteria;Proteobacteria;Gammaproteobacteria
TARA_ANW_MAG_00044,200644,Bacteria;Bacteroidetes;Flavobacteriia;Flavobacteriales
TARA_ASE_MAG_00028,126,Bacteria;Planctomycetes;Planctomycetia;Planctomycetales;Planctomycetaceae
TARA_IOS_MAG_00010,41295,Bacteria;Proteobacteria;Alphaproteobacteria;Rhodospirillales;Rhodospirillaceae
TARA_PSW_MAG_00023,126,Bacteria;Planctomycetes;Planctomycetia;Planctomycetales;Planctomycetaceae
TARA_RED_MAG_00047,2,Bacteria
TARA_MED_MAG_00001,766,Bacteria;Proteobacteria;Alphaproteobacteria;Rickettsiales
TARA_ANW_MAG_00032,204455,Bacteria;Proteobacteria;Alphaproteobacteria;Rhodobacterales
TARA_PSE_MAG_00100,168934,Bacteria;Proteobacteria;Alphaproteobacteria;Rhodospirillales;Rhodospirillaceae;Thalassospira
TARA_MED_MAG_00016,766,Bacteria;Proteobacteria;Alphaproteobacteria;Rickettsiales
TARA_PON_MAG_00041,415000,Bacteria;Verrucomicrobia;Opitutae;Opitutales
TARA_ION_MAG_00057,41295,Bacteria;Proteobacteria;Alphaproteobacteria;Rhodospirillales;Rhodospirillaceae
TARA_PSE_MAG_00056,766,Bacteria;Proteobacteria;Alphaproteobacteria;Rickettsiales
TARA_PSW_MAG_00123,126,Bacteria;Planctomycetes;Planctomycetia;Planctomycetales;Planctomycetaceae
TARA_ANE_MAG_00031,497,Bacteria;Proteobacteria;Gammaproteobacteria;Pseudomonadales;Moraxellaceae;Psychrobacter
TARA_PSW_MAG_00105,203557,Bacteria;Verrucomicrobia;Verrucomicrobiae;Verrucomicrobiales;Verrucomicrobiaceae
TARA_ANW_MAG_00040,69657,Bacteria;Proteobacteria;Alphaproteobacteria;Rhodobacterales;Hyphomonadaceae
TARA_PSE_MAG_00111,335929,Bacteria;Proteobacteria;Alphaproteobacteria;Sphingomonadales;Erythrobacteraceae
TARA_PSW_MAG_00127,126,Bacteria;Planctomycetes;Planctomycetia;Planctomycetales;Planctomycetaceae
TARA_PON_MAG_00072,57723,Bacteria;Acidobacteria
TARA_ION_MAG_00002,41275,Bacteria;Proteobacteria;Alphaproteobacteria;Caulobacterales;Caulobacteraceae;Brevundimonas
TARA_PON_MAG_00002,415000,Bacteria;Verrucomicrobia;Opitutae;Opitutales
TARA_ASW_MAG_00023,200644,Bacteria;Bacteroidetes;Flavobacteriia;Flavobacteriales
TARA_RED_MAG_00086,766,Bacteria;Proteobacteria;Alphaproteobacteria;Rickettsiales
TARA_RED_MAG_00075,1,
TARA_ANW_MAG_00084,55528,Eukaryota;Cryptophyta;Pyrenomonadales;Geminigeraceae;Guillardia
TARA_PSE_MAG_00091,1,
TARA_PSE_MAG_00032,1224,Bacteria;Proteobacteria
TARA_PSE_MAG_00055,41295,Bacteria;Proteobacteria;Alphaproteobacteria;Rhodospirillales;Rhodospirillaceae
TARA_ANE_MAG_00006,1236,Bacteria;Proteobacteria;Gammaproteobacteria
TARA_IOS_MAG_00028,200644,Bacteria;Bacteroidetes;Flavobacteriia;Flavobacteriales
TARA_PSE_MAG_00103,74030,Bacteria;Proteobacteria;Alphaproteobacteria;Rhodobacterales;Rhodobacteraceae;Roseovarius
TARA_MED_MAG_00039,766,Bacteria;Proteobacteria;Alphaproteobacteria;Rickettsiales
TARA_PON_MAG_00015,29,Bacteria;Proteobacteria;Deltaproteobacteria;Myxococcales
TARA_PSE_MAG_00128,662,Bacteria;Proteobacteria;Gammaproteobacteria;Vibrionales;Vibrionaceae;Vibrio
TARA_ASW_MAG_00001,1236,Bacteria;Proteobacteria;Gammaproteobacteria
TARA_PSE_MAG_00043,2,Bacteria
TARA_ANW_MAG_00057,28211,Bacteria;Proteobacteria;Alphaproteobacteria
TARA_RED_MAG_00089,2,Bacteria
TARA_PSW_MAG_00067,976,Bacteria;Bacteroidetes
TARA_MED_MAG_00047,1236,Bacteria;Proteobacteria;Gammaproteobacteria
TARA_ANW_MAG_00028,1,
TARA_MED_MAG_00132,72275,Bacteria;Proteobacteria;Gammaproteobacteria;Alteromonadales;Alteromonadaceae
TARA_PON_MAG_00085,1224,Bacteria;Proteobacteria
TARA_ANW_MAG_00050,41295,Bacteria;Proteobacteria;Alphaproteobacteria;Rhodospirillales;Rhodospirillaceae
TARA_ANE_MAG_00029,1,
TARA_ION_MAG_00067,135620,Bacteria;Proteobacteria;Gammaproteobacteria;Oceanospirillales;Oceanospirillaceae
TARA_MED_MAG_00034,41295,Bacteria;Proteobacteria;Alphaproteobacteria;Rhodospirillales;Rhodospirillaceae
TARA_PSE_MAG_00141,126,Bacteria;Planctomycetes;Planctomycetia;Planctomycetales;Planctomycetaceae
TARA_MED_MAG_00011,204455,Bacteria;Proteobacteria;Alphaproteobacteria;Rhodobacterales
TARA_ION_MAG_00054,1236,Bacteria;Proteobacteria;Gammaproteobacteria
TARA_PSE_MAG_00114,49546,Bacteria;Bacteroidetes;Flavobacteriia;Flavobacteriales;Flavobacteriaceae
TARA_ANE_MAG_00016,28211,Bacteria;Proteobacteria;Alphaproteobacteria
TARA_PON_MAG_00075,2,Bacteria
TARA_IOS_MAG_00078,2759,Eukaryota
TARA_RED_MAG_00076,1,
TARA_ANE_MAG_00052,28890,Archaea;Euryarchaeota
TARA_ANW_MAG_00010,49546,Bacteria;Bacteroidetes;Flavobacteriia;Flavobacteriales;Flavobacteriaceae
TARA_PSE_MAG_00072,29,Bacteria;Proteobacteria;Deltaproteobacteria;Myxococcales
TARA_ANW_MAG_00027,1,
TARA_PON_MAG_00068,126,Bacteria;Planctomycetes;Planctomycetia;Planctomycetales;Planctomycetaceae
TARA_MED_MAG_00127,1236,Bacteria;Proteobacteria;Gammaproteobacteria
TARA_MED_MAG_00088,1236,Bacteria;Proteobacteria;Gammaproteobacteria
TARA_PSE_MAG_00082,126,Bacteria;Planctomycetes;Planctomycetia;Planctomycetales;Planctomycetaceae
TARA_MED_MAG_00097,204455,Bacteria;Proteobacteria;Alphaproteobacteria;Rhodobacterales
TARA_IOS_MAG_00048,1,
TARA_PSE_MAG_00125,126,Bacteria;Planctomycetes;Planctomycetia;Planctomycetales;Planctomycetaceae
TARA_PON_MAG_00062,203557,Bacteria;Verrucomicrobia;Verrucomicrobiae;Verrucomicrobiales;Verrucomicrobiaceae
TARA_RED_MAG_00043,1,
TARA_ANW_MAG_00039,126,Bacteria;Planctomycetes;Planctomycetia;Planctomycetales;Planctomycetaceae
TARA_PSE_MAG_00093,204455,Bacteria;Proteobacteria;Alphaproteobacteria;Rhodobacterales
TARA_PSW_MAG_00113,126,Bacteria;Planctomycetes;Planctomycetia;Planctomycetales;Planctomycetaceae
TARA_PSE_MAG_00038,41295,Bacteria;Proteobacteria;Alphaproteobacteria;Rhodospirillales;Rhodospirillaceae
TARA_ION_MAG_00016,28211,Bacteria;Proteobacteria;Alphaproteobacteria
TARA_PSE_MAG_00112,126,Bacteria;Planctomycetes;Planctomycetia;Planctomycetales;Planctomycetaceae
TARA_PSW_MAG_00033,1224,Bacteria;Proteobacteria
TARA_PON_MAG_00065,2,Bacteria
TARA_ANW_MAG_00061,200644,Bacteria;Bacteroidetes;Flavobacteriia;Flavobacteriales
TARA_PON_MAG_00019,49546,Bacteria;Bacteroidetes;Flavobacteriia;Flavobacteriales;Flavobacteriaceae
TARA_ION_MAG_00009,135620,Bacteria;Proteobacteria;Gammaproteobacteria;Oceanospirillales;Oceanospirillaceae
TARA_PSE_MAG_00097,118,Bacteria;Planctomycetes;Planctomycetia;Planctomycetales;Planctomycetaceae;Planctomyces
TARA_RED_MAG_00085,2,Bacteria
TARA_PSE_MAG_00126,49546,Bacteria;Bacteroidetes;Flavobacteriia;Flavobacteriales;Flavobacteriaceae
TARA_PSE_MAG_00058,126,Bacteria;Planctomycetes;Planctomycetia;Planctomycetales;Planctomycetaceae
TARA_MED_MAG_00054,766,Bacteria;Proteobacteria;Alphaproteobacteria;Rickettsiales
TARA_ANW_MAG_00059,31989,Bacteria;Proteobacteria;Alphaproteobacteria;Rhodobacterales;Rhodobacteraceae
TARA_RED_MAG_00101,41295,Bacteria;Proteobacteria;Alphaproteobacteria;Rhodospirillales;Rhodospirillaceae
TARA_RED_MAG_00024,29,Bacteria;Proteobacteria;Deltaproteobacteria;Myxococcales
TARA_RED_MAG_00066,28211,Bacteria;Proteobacteria;Alphaproteobacteria
TARA_RED_MAG_00008,57723,Bacteria;Acidobacteria
TARA_PSE_MAG_00065,186802,Bacteria;Firmicutes;Clostridia;Clostridiales
TARA_MED_MAG_00013,766,Bacteria;Proteobacteria;Alphaproteobacteria;Rickettsiales
TARA_PON_MAG_00035,1236,Bacteria;Proteobacteria;Gammaproteobacteria
TARA_ANE_MAG_00055,28890,Archaea;Euryarchaeota
TARA_RED_MAG_00094,41295,Bacteria;Proteobacteria;Alphaproteobacteria;Rhodospirillales;Rhodospirillaceae
TARA_ANE_MAG_00063,28890,Archaea;Euryarchaeota
TARA_PSE_MAG_00059,1236,Bacteria;Proteobacteria;Gammaproteobacteria
TARA_RED_MAG_00034,28211,Bacteria;Proteobacteria;Alphaproteobacteria
TARA_RED_MAG_00037,766,Bacteria;Proteobacteria;Alphaproteobacteria;Rickettsiales
TARA_PON_MAG_00081,1224,Bacteria;Proteobacteria
TARA_ASW_MAG_00033,1236,Bacteria;Proteobacteria;Gammaproteobacteria
TARA_RED_MAG_00023,1,
TARA_MED_MAG_00043,766,Bacteria;Proteobacteria;Alphaproteobacteria;Rickettsiales
TARA_PON_MAG_00038,1236,Bacteria;Proteobacteria;Gammaproteobacteria
TARA_ANE_MAG_00064,415000,Bacteria;Verrucomicrobia;Opitutae;Opitutales
TARA_RED_MAG_00071,48461,Bacteria;Verrucomicrobia;Verrucomicrobiae;Verrucomicrobiales
TARA_SOC_MAG_00007,1236,Bacteria;Proteobacteria;Gammaproteobacteria
TARA_RED_MAG_00018,28890,Archaea;Euryarchaeota
TARA_PSW_MAG_00134,82115,Bacteria;Proteobacteria;Alphaproteobacteria;Rhizobiales;Rhizobiaceae
TARA_PSE_MAG_00011,1236,Bacteria;Proteobacteria;Gammaproteobacteria
TARA_RED_MAG_00014,1,
TARA_MED_MAG_00050,766,Bacteria;Proteobacteria;Alphaproteobacteria;Rickettsiales
TARA_ASW_MAG_00020,1,
TARA_RED_MAG_00019,200795,Bacteria;Chloroflexi
TARA_ION_MAG_00051,200667,Bacteria;Bacteroidetes;Cytophagia;Cytophagales;Flammeovirgaceae
TARA_ION_MAG_00052,1236,Bacteria;Proteobacteria;Gammaproteobacteria
TARA_ION_MAG_00037,246875,Bacteria;Bacteroidetes;Cytophagia;Cytophagales;Cyclobacteriaceae;Algoriphagus
TARA_ANW_MAG_00070,69657,Bacteria;Proteobacteria;Alphaproteobacteria;Rhodobacterales;Hyphomonadaceae
TARA_RED_MAG_00070,1,
TARA_RED_MAG_00003,1236,Bacteria;Proteobacteria;Gammaproteobacteria
TARA_PSE_MAG_00107,49546,Bacteria;Bacteroidetes;Flavobacteriia;Flavobacteriales;Flavobacteriaceae
TARA_PON_MAG_00057,1236,Bacteria;Proteobacteria;Gammaproteobacteria
TARA_PSE_MAG_00095,126,Bacteria;Planctomycetes;Planctomycetia;Planctomycetales;Planctomycetaceae
TARA_RED_MAG_00032,28221,Bacteria;Proteobacteria;Deltaproteobacteria
TARA_PSE_MAG_00080,41295,Bacteria;Proteobacteria;Alphaproteobacteria;Rhodospirillales;Rhodospirillaceae
TARA_PSW_MAG_00126,213121,Bacteria;Proteobacteria;Deltaproteobacteria;Desulfobacterales;Desulfobulbaceae
TARA_PSW_MAG_00037,1224,Bacteria;Proteobacteria
TARA_IOS_MAG_00034,126,Bacteria;Planctomycetes;Planctomycetia;Planctomycetales;Planctomycetaceae
TARA_ION_MAG_00049,1236,Bacteria;Proteobacteria;Gammaproteobacteria
TARA_MED_MAG_00114,49546,Bacteria;Bacteroidetes;Flavobacteriia;Flavobacteriales;Flavobacteriaceae
TARA_RED_MAG_00041,200795,Bacteria;Chloroflexi
TARA_RED_MAG_00081,57723,Bacteria;Acidobacteria
TARA_IOS_MAG_00040,28216,Bacteria;Proteobacteria;Betaproteobacteria
TARA_SOC_MAG_00008,766,Bacteria;Proteobacteria;Alphaproteobacteria;Rickettsiales
TARA_ANE_MAG_00056,1,
TARA_ANE_MAG_00012,118969,Bacteria;Proteobacteria;Gammaproteobacteria;Legionellales
TARA_ANE_MAG_00011,766,Bacteria;Proteobacteria;Alphaproteobacteria;Rickettsiales
TARA_PON_MAG_00017,1,
TARA_PON_MAG_00067,1224,Bacteria;Proteobacteria
TARA_PSW_MAG_00110,126,Bacteria;Planctomycetes;Planctomycetia;Planctomycetales;Planctomycetaceae
TARA_RED_MAG_00065,2,Bacteria
TARA_PSW_MAG_00124,41295,Bacteria;Proteobacteria;Alphaproteobacteria;Rhodospirillales;Rhodospirillaceae
TARA_PSE_MAG_00133,135620,Bacteria;Proteobacteria;Gammaproteobacteria;Oceanospirillales;Oceanospirillaceae
TARA_PON_MAG_00004,118969,Bacteria;Proteobacteria;Gammaproteobacteria;Legionellales
TARA_PSW_MAG_00112,2,Bacteria
TARA_PSE_MAG_00115,1224,Bacteria;Proteobacteria
TARA_PSW_MAG_00011,135613,Bacteria;Proteobacteria;Gammaproteobacteria;Chromatiales
TARA_PSW_MAG_00014,135613,Bacteria;Proteobacteria;Gammaproteobacteria;Chromatiales
TARA_PON_MAG_00084,415000,Bacteria;Verrucomicrobia;Opitutae;Opitutales
TARA_MED_MAG_00063,2,Bacteria
TARA_PON_MAG_00054,2,Bacteria
TARA_MED_MAG_00111,204455,Bacteria;Proteobacteria;Alphaproteobacteria;Rhodobacterales
TARA_PSE_MAG_00051,1236,Bacteria;Proteobacteria;Gammaproteobacteria
TARA_PON_MAG_00008,135622,Bacteria;Proteobacteria;Gammaproteobacteria;Alteromonadales
TARA_PON_MAG_00024,57723,Bacteria;Acidobacteria
TARA_ANW_MAG_00055,1,
TARA_RED_MAG_00005,1236,Bacteria;Proteobacteria;Gammaproteobacteria
TARA_ANE_MAG_00008,28211,Bacteria;Proteobacteria;Alphaproteobacteria
TARA_PSW_MAG_00117,2,Bacteria
TARA_SOC_MAG_00013,2759,Eukaryota
TARA_PSE_MAG_00017,356,Bacteria;Proteobacteria;Alphaproteobacteria;Rhizobiales
TARA_ION_MAG_00001,28211,Bacteria;Proteobacteria;Alphaproteobacteria
TARA_PSW_MAG_00024,28211,Bacteria;Proteobacteria;Alphaproteobacteria
TARA_ANW_MAG_00069,200644,Bacteria;Bacteroidetes;Flavobacteriia;Flavobacteriales
TARA_PON_MAG_00060,28221,Bacteria;Proteobacteria;Deltaproteobacteria
TARA_PSE_MAG_00053,200644,Bacteria;Bacteroidetes;Flavobacteriia;Flavobacteriales
TARA_MED_MAG_00056,1236,Bacteria;Proteobacteria;Gammaproteobacteria
TARA_PSW_MAG_00125,2,Bacteria
TARA_PSE_MAG_00031,200644,Bacteria;Bacteroidetes;Flavobacteriia;Flavobacteriales
TARA_MED_MAG_00049,75682,Bacteria;Proteobacteria;Betaproteobacteria;Burkholderiales;Oxalobacteraceae
TARA_RED_MAG_00100,126,Bacteria;Planctomycetes;Planctomycetia;Planctomycetales;Planctomycetaceae
TARA_ANW_MAG_00079,2759,Eukaryota
TARA_PON_MAG_00043,1,
TARA_PSW_MAG_00132,2,Bacteria
TARA_RED_MAG_00079,28890,Archaea;Euryarchaeota
TARA_IOS_MAG_00069,29,Bacteria;Proteobacteria;Deltaproteobacteria;Myxococcales
TARA_MED_MAG_00143,2759,Eukaryota
TARA_MED_MAG_00069,2,Bacteria
TARA_PSW_MAG_00108,1224,Bacteria;Proteobacteria
TARA_MED_MAG_00138,72275,Bacteria;Proteobacteria;Gammaproteobacteria;Alteromonadales;Alteromonadaceae
TARA_PSW_MAG_00118,29,Bacteria;Proteobacteria;Deltaproteobacteria;Myxococcales
TARA_PSE_MAG_00102,28221,Bacteria;Proteobacteria;Deltaproteobacteria
TARA_RED_MAG_00078,126,Bacteria;Planctomycetes;Planctomycetia;Planctomycetales;Planctomycetaceae
TARA_MED_MAG_00066,766,Bacteria;Proteobacteria;Alphaproteobacteria;Rickettsiales
TARA_MED_MAG_00113,766,Bacteria;Proteobacteria;Alphaproteobacteria;Rickettsiales
TARA_MED_MAG_00076,204455,Bacteria;Proteobacteria;Alphaproteobacteria;Rhodobacterales
TARA_SOC_MAG_00005,200644,Bacteria;Bacteroidetes;Flavobacteriia;Flavobacteriales
TARA_PON_MAG_00066,57723,Bacteria;Acidobacteria
TARA_PON_MAG_00076,135614,Bacteria;Proteobacteria;Gammaproteobacteria;Xanthomonadales
TARA_MED_MAG_00074,28211,Bacteria;Proteobacteria;Alphaproteobacteria
TARA_PSE_MAG_00087,118969,Bacteria;Proteobacteria;Gammaproteobacteria;Legionellales
TARA_ANE_MAG_00073,204455,Bacteria;Proteobacteria;Alphaproteobacteria;Rhodobacterales
TARA_RED_MAG_00121,2,Bacteria
TARA_PON_MAG_00083,2759,Eukaryota
TARA_PSE_MAG_00119,74030,Bacteria;Proteobacteria;Alphaproteobacteria;Rhodobacterales;Rhodobacteraceae;Roseovarius
TARA_PON_MAG_00018,118969,Bacteria;Proteobacteria;Gammaproteobacteria;Legionellales
TARA_ANE_MAG_00054,2,Bacteria
TARA_ANW_MAG_00072,2,Bacteria
TARA_PSE_MAG_00076,1236,Bacteria;Proteobacteria;Gammaproteobacteria
TARA_MED_MAG_00067,28216,Bacteria;Proteobacteria;Betaproteobacteria
TARA_RED_MAG_00091,28211,Bacteria;Proteobacteria;Alphaproteobacteria
TARA_RED_MAG_00097,415000,Bacteria;Verrucomicrobia;Opitutae;Opitutales
TARA_MED_MAG_00089,80840,Bacteria;Proteobacteria;Betaproteobacteria;Burkholderiales
TARA_RED_MAG_00031,1,
TARA_PSE_MAG_00021,135613,Bacteria;Proteobacteria;Gammaproteobacteria;Chromatiales
TARA_ANW_MAG_00041,28211,Bacteria;Proteobacteria;Alphaproteobacteria
TARA_MED_MAG_00125,41295,Bacteria;Proteobacteria;Alphaproteobacteria;Rhodospirillales;Rhodospirillaceae
TARA_PON_MAG_00086,191,Bacteria;Proteobacteria;Alphaproteobacteria;Rhodospirillales;Rhodospirillaceae;Azospirillum
TARA_IOS_MAG_00062,29,Bacteria;Proteobacteria;Deltaproteobacteria;Myxococcales
TARA_PSE_MAG_00085,1236,Bacteria;Proteobacteria;Gammaproteobacteria
TARA_MED_MAG_00102,28211,Bacteria;Proteobacteria;Alphaproteobacteria
TARA_MED_MAG_00061,118969,Bacteria;Proteobacteria;Gammaproteobacteria;Legionellales
TARA_PSE_MAG_00122,1224,Bacteria;Proteobacteria
TARA_PSW_MAG_00121,1224,Bacteria;Proteobacteria
TARA_MED_MAG_00116,766,Bacteria;Proteobacteria;Alphaproteobacteria;Rickettsiales
TARA_MED_MAG_00117,415000,Bacteria;Verrucomicrobia;Opitutae;Opitutales
TARA_RED_MAG_00049,28890,Archaea;Euryarchaeota
TARA_PSW_MAG_00120,170,Bacteria;Spirochaetes;Spirochaetia;Leptospiraceae
TARA_PON_MAG_00063,29,Bacteria;Proteobacteria;Deltaproteobacteria;Myxococcales
TARA_RED_MAG_00077,1,
TARA_MED_MAG_00120,1236,Bacteria;Proteobacteria;Gammaproteobacteria
TARA_RED_MAG_00054,1224,Bacteria;Proteobacteria
TARA_PSE_MAG_00086,1224,Bacteria;Proteobacteria
TARA_PSE_MAG_00054,1236,Bacteria;Proteobacteria;Gammaproteobacteria
TARA_PSE_MAG_00045,766,Bacteria;Proteobacteria;Alphaproteobacteria;Rickettsiales
TARA_PSE_MAG_00041,85023,Bacteria;Actinobacteria;Actinobacteria;Micrococcales;Microbacteriaceae
TARA_ANE_MAG_00062,126,Bacteria;Planctomycetes;Planctomycetia;Planctomycetales;Planctomycetaceae
TARA_PON_MAG_00088,31,Bacteria;Proteobacteria;Deltaproteobacteria;Myxococcales;Myxococcaceae
TARA_RED_MAG_00067,2,Bacteria
TARA_PSE_MAG_00063,766,Bacteria;Proteobacteria;Alphaproteobacteria;Rickettsiales
TARA_MED_MAG_00123,118969,Bacteria;Proteobacteria;Gammaproteobacteria;Legionellales
TARA_RED_MAG_00113,2,Bacteria
TARA_PSW_MAG_00021,118969,Bacteria;Proteobacteria;Gammaproteobacteria;Legionellales
TARA_RED_MAG_00082,2,Bacteria
TARA_PON_MAG_00048,74201,Bacteria;Verrucomicrobia
TARA_PON_MAG_00044,1,
